video,frame,risk_label,count_total,area_frac,bottom_y_norm,center_x_dist,count_in_roi_all,max_area_in_roi_all,max_bottom_y_in_roi_all,fps
flipped_part_007.mp4,0,0,3,0.0244543420670864,0.7642475763956705,0.2268002262821904,2,0.0244543420670864,0.7642475763956705,59.96002664890073
flipped_part_007.mp4,1,0,3,0.0252374998232016,0.7651906967163086,0.221156593605324,2,0.0252374998232016,0.7651906967163086,59.96002664890073
flipped_part_007.mp4,2,0,3,0.0257082887155303,0.7661476135253906,0.2177234508373119,2,0.0257082887155303,0.7661476135253906,59.96002664890073
flipped_part_007.mp4,3,0,2,0.0265363854327976,0.7668938318888346,0.2167574847186053,2,0.0265363854327976,0.7668938318888346,59.96002664890073
flipped_part_007.mp4,4,0,2,0.0265169455063975,0.7671558380126953,0.211881199589482,2,0.0265169455063975,0.7671558380126953,59.96002664890073
flipped_part_007.mp4,5,0,2,0.0271191265247654,0.7680159250895182,0.2093068723325376,2,0.0271191265247654,0.7680159250895182,59.96002664890073
flipped_part_007.mp4,6,0,2,0.0274410275615324,0.7686110178629557,0.2055898595739294,2,0.0274410275615324,0.7686110178629557,59.96002664890073
flipped_part_007.mp4,7,0,2,0.0280606135311568,0.769848124186198,0.2044585333930121,2,0.0280606135311568,0.769848124186198,59.96002664890073
flipped_part_007.mp4,8,0,2,0.0288099596897761,0.7708135604858398,0.2005407262731481,2,0.0288099596897761,0.7708135604858398,59.96002664890073
flipped_part_007.mp4,9,0,2,0.0291457163600716,0.7712767283121745,0.1959706059208622,2,0.0291457163600716,0.7712767283121745,59.96002664890073
flipped_part_007.mp4,10,0,2,0.029851701349657,0.7721726099650065,0.1888936078106915,2,0.029851701349657,0.7721726099650065,59.96002664890073
flipped_part_007.mp4,11,0,2,0.0303934485417715,0.7726030349731445,0.1827654238100405,2,0.0303934485417715,0.7726030349731445,59.96002664890073
flipped_part_007.mp4,12,0,2,0.0311216290186469,0.7744761149088542,0.1756524545175057,2,0.0311216290186469,0.7744761149088542,59.96002664890073
flipped_part_007.mp4,13,0,2,0.0315773365512076,0.7752979278564454,0.1701647723162615,2,0.0315773365512076,0.7752979278564454,59.96002664890073
flipped_part_007.mp4,14,0,2,0.032293232292243,0.77679443359375,0.1668088559751157,2,0.032293232292243,0.77679443359375,59.96002664890073
flipped_part_007.mp4,15,0,2,0.0332495628519811,0.7776493072509766,0.1609317355685764,2,0.0332495628519811,0.7776493072509766,59.96002664890073
flipped_part_007.mp4,16,0,2,0.0337097005077844,0.7781826655069987,0.1553421020507812,2,0.0337097005077844,0.7781826655069987,59.96002664890073
flipped_part_007.mp4,17,0,2,0.0344278326255404,0.7798213958740234,0.1510516131365741,2,0.0344278326255404,0.7798213958740234,59.96002664890073
flipped_part_007.mp4,18,0,2,0.0346713403230576,0.7796961466471354,0.1455947875976562,2,0.0346713403230576,0.7796961466471354,59.96002664890073
flipped_part_007.mp4,19,0,2,0.0359520447209555,0.7816337585449219,0.1372395833333333,2,0.0359520447209555,0.7816337585449219,59.96002664890073
flipped_part_007.mp4,20,0,3,0.0370876576340136,0.7833169937133789,0.1304237365722656,2,0.0370876576340136,0.7833169937133789,59.96002664890073
flipped_part_007.mp4,21,0,3,0.0373282375221606,0.7835613886515299,0.1252555564597801,2,0.0373282375221606,0.7835613886515299,59.96002664890073
flipped_part_007.mp4,22,0,2,0.0383104599701861,0.7849600474039714,0.1183378431532118,2,0.0383104599701861,0.7849600474039714,59.96002664890073
flipped_part_007.mp4,23,0,2,0.0387812427370765,0.7856703440348307,0.1138186984592014,2,0.0387812427370765,0.7856703440348307,59.96002664890073
flipped_part_007.mp4,24,0,2,0.0400067811592533,0.788197644551595,0.1060657359935619,2,0.0400067811592533,0.788197644551595,59.96002664890073
flipped_part_007.mp4,25,0,2,0.0404092239408378,0.7887083689371744,0.1033371254249855,2,0.0404092239408378,0.7887083689371744,59.96002664890073
flipped_part_007.mp4,26,0,2,0.0414341354138023,0.789753786722819,0.0943629229510272,2,0.0414341354138023,0.789753786722819,59.96002664890073
flipped_part_007.mp4,27,0,2,0.0425761511257345,0.7905506769816081,0.0885539302119502,2,0.0425761511257345,0.7905506769816081,59.96002664890073
flipped_part_007.mp4,28,0,2,0.0437848467738432,0.7922077178955078,0.0814078436957465,2,0.0437848467738432,0.7922077178955078,59.96002664890073
flipped_part_007.mp4,29,0,2,0.0449480351250989,0.7940487543741862,0.0753243622956452,2,0.0449480351250989,0.7940487543741862,59.96002664890073
flipped_part_007.mp4,30,0,2,0.0454325378340051,0.7936582565307617,0.0658522146719473,2,0.0454325378340051,0.7936582565307617,59.96002664890073
flipped_part_007.mp4,31,0,2,0.0466202114001929,0.7956162134806315,0.058599203604239,2,0.0466202114001929,0.7956162134806315,59.96002664890073
flipped_part_007.mp4,32,0,2,0.0477400021237769,0.7970205307006836,0.0483289930555555,2,0.0477400021237769,0.7970205307006836,59.96002664890073
flipped_part_007.mp4,33,0,2,0.0489498780450473,0.7987839380900065,0.0393016673900463,2,0.0489498780450473,0.7987839380900065,59.96002664890073
flipped_part_007.mp4,34,0,2,0.0497718203944451,0.8002191543579101,0.0316682886194299,2,0.0497718203944451,0.8002191543579101,59.96002664890073
flipped_part_007.mp4,35,0,2,0.0507964812195644,0.8012931823730469,0.0239505909107349,2,0.0507964812195644,0.8012931823730469,59.96002664890073
flipped_part_007.mp4,36,0,2,0.0522413305114282,0.8026415506998698,0.015279303656684,2,0.0522413305114282,0.8026415506998698,59.96002664890073
flipped_part_007.mp4,37,0,2,0.0534718746983896,0.8046515146891277,0.0045093395091869,2,0.0534718746983896,0.8046515146891277,59.96002664890073
flipped_part_007.mp4,38,0,2,0.054981922251555,0.806294314066569,0.0045382746943721,2,0.054981922251555,0.806294314066569,59.96002664890073
flipped_part_007.mp4,39,0,2,0.0556130505098499,0.8072216669718425,0.0159190425166377,2,0.0556130505098499,0.8072216669718425,59.96002664890073
flipped_part_007.mp4,40,0,2,0.0571783577467754,0.8082689921061198,0.024774678548177,2,0.0571783577467754,0.8082689921061198,59.96002664890073
flipped_part_007.mp4,41,0,2,0.0584546446549939,0.8088247299194335,0.0374233669704861,2,0.0584546446549939,0.8088247299194335,59.96002664890073
flipped_part_007.mp4,42,0,2,0.0593964306683133,0.8110116958618164,0.0487172444661458,2,0.0593964306683133,0.8110116958618164,59.96002664890073
flipped_part_007.mp4,43,0,2,0.0610296624821947,0.8131155014038086,0.0586410522460937,2,0.0610296624821947,0.8131155014038086,59.96002664890073
flipped_part_007.mp4,44,0,2,0.061896632506428,0.8137140909830729,0.0689642729582609,2,0.061896632506428,0.8137140909830729,59.96002664890073
flipped_part_007.mp4,45,0,2,0.0625842084056057,0.8141042709350585,0.0782883538140191,2,0.0625842084056057,0.8141042709350585,59.96002664890073
flipped_part_007.mp4,46,0,2,0.0648190864013546,0.8169069290161133,0.0892191286440248,2,0.0648190864013546,0.8169069290161133,59.96002664890073
flipped_part_007.mp4,47,0,2,0.0676207378301478,0.8188560485839844,0.1017904493543836,2,0.0676207378301478,0.8188560485839844,59.96002664890073
flipped_part_007.mp4,48,0,2,0.0692003801977261,0.8204643249511718,0.1141505771213107,2,0.0692003801977261,0.8204643249511718,59.96002664890073
flipped_part_007.mp4,49,0,2,0.0703531412859116,0.8215988794962565,0.1259462709780092,2,0.0703531412859116,0.8215988794962565,59.96002664890073
flipped_part_007.mp4,50,0,2,0.0722357053840338,0.8228256861368816,0.140985361735026,2,0.0722357053840338,0.8228256861368816,59.96002664890073
flipped_part_007.mp4,51,0,2,0.0738909416221496,0.8240286509195963,0.1533413357204861,2,0.0738909416221496,0.8240286509195963,59.96002664890073
flipped_part_007.mp4,52,0,2,0.0763081950317913,0.8257250467936198,0.1680501302083333,2,0.0763081950317913,0.8257250467936198,59.96002664890073
flipped_part_007.mp4,53,0,2,0.0775790756614878,0.8275594711303711,0.1815982394748264,2,0.0775790756614878,0.8275594711303711,59.96002664890073
flipped_part_007.mp4,54,0,2,0.0802316032071151,0.8309410095214844,0.1940662807888455,2,0.0802316032071151,0.8309410095214844,59.96002664890073
flipped_part_007.mp4,55,0,2,0.0818422619533063,0.8308428446451823,0.2058284900806568,2,0.0818422619533063,0.8308428446451823,59.96002664890073
flipped_part_007.mp4,56,0,2,0.0835906153119867,0.8330499649047851,0.2240790473090277,2,0.0835906153119867,0.8330499649047851,59.96002664890073
flipped_part_007.mp4,57,0,2,0.086955221515414,0.8365413665771484,0.238327082881221,2,0.086955221515414,0.8365413665771484,59.96002664890073
flipped_part_007.mp4,58,0,2,0.0918509870985872,0.841733741760254,0.253924814860026,2,0.0918509870985872,0.841733741760254,59.96002664890073
flipped_part_007.mp4,59,0,2,0.0929554194087136,0.8426533381144206,0.2674068592212818,2,0.0929554194087136,0.8426533381144206,59.96002664890073
flipped_part_007.mp4,60,0,2,0.095932713234409,0.8462045669555665,0.2841037326388889,2,0.095932713234409,0.8462045669555665,59.96002664890073
flipped_part_007.mp4,61,0,2,0.1006919641715164,0.8511837005615235,0.3010231865776909,2,0.1006919641715164,0.8511837005615235,59.96002664890073
flipped_part_007.mp4,62,0,2,0.1014289802375262,0.8502388636271159,0.320259772406684,2,0.1014289802375262,0.8502388636271159,59.96002664890073
flipped_part_007.mp4,63,0,2,0.1041634422427105,0.8511595408121745,0.3375611199273003,2,0.1041634422427105,0.8511595408121745,59.96002664890073
flipped_part_007.mp4,64,0,2,0.1070685214945546,0.853260612487793,0.3549303973162616,2,0.1070685214945546,0.853260612487793,59.96002664890073
flipped_part_007.mp4,65,0,2,0.1102831007933882,0.8551888147989909,0.3724682843243634,2,0.1102831007933882,0.8551888147989909,59.96002664890073
flipped_part_007.mp4,66,0,2,0.1162134160846471,0.8598415374755859,0.3954408433702256,2,0.1162134160846471,0.8598415374755859,59.96002664890073
flipped_part_007.mp4,67,0,2,0.1194770595461401,0.8628700892130534,0.4114884553132233,2,0.1194770595461401,0.8628700892130534,59.96002664890073
flipped_part_007.mp4,68,0,2,0.119335683442262,0.8656553904215495,0.4195237336335359,2,0.119335683442262,0.8656553904215495,59.96002664890073
flipped_part_007.mp4,69,0,2,0.1205505764353294,0.8688657760620118,0.4238182350441261,2,0.1205505764353294,0.8688657760620118,59.96002664890073
flipped_part_007.mp4,70,0,2,0.1213540100269551,0.8722857157389323,0.4251810144495081,2,0.1213540100269551,0.8722857157389323,59.96002664890073
flipped_part_007.mp4,71,0,2,0.122377099813376,0.8754040400187174,0.4310086568196614,2,0.122377099813376,0.8754040400187174,59.96002664890073
flipped_part_007.mp4,72,0,2,0.1230380114575059,0.8796560923258464,0.4389531453450521,2,0.1230380114575059,0.8796560923258464,59.96002664890073
flipped_part_007.mp4,73,0,2,0.1229471200853974,0.8822919845581054,0.442582533094618,2,0.1229471200853974,0.8822919845581054,59.96002664890073
flipped_part_007.mp4,74,0,2,0.1246678958216216,0.8860947291056315,0.4481491088867187,2,0.1246678958216216,0.8860947291056315,59.96002664890073
flipped_part_007.mp4,75,0,2,0.1277390110647603,0.8938568751017253,0.4525239732530381,2,0.1277390110647603,0.8938568751017253,59.96002664890073
flipped_part_007.mp4,76,0,2,0.1275481526341065,0.8953636805216472,0.4613001222963686,2,0.1275481526341065,0.8953636805216472,59.96002664890073
flipped_part_007.mp4,77,0,2,0.1290427677990347,0.9006348292032877,0.465989261203342,2,0.1290427677990347,0.9006348292032877,59.96002664890073
flipped_part_007.mp4,78,0,2,0.130694023014882,0.9048096338907876,0.4688659102828414,2,0.130694023014882,0.9048096338907876,59.96002664890073
flipped_part_007.mp4,79,0,2,0.1315529737027504,0.909071413675944,0.4733583238389757,2,0.1315529737027504,0.909071413675944,59.96002664890073
flipped_part_007.mp4,80,0,2,0.1296126956250489,0.910011863708496,0.4829278451425058,2,0.1296126956250489,0.910011863708496,59.96002664890073
flipped_part_007.mp4,81,0,2,0.1309520045489383,0.9165937423706054,0.491065357349537,2,0.1309520045489383,0.9165937423706054,59.96002664890073
flipped_part_007.mp4,82,0,2,0.1346012566405467,0.9261516571044922,0.4947448165328414,2,0.1346012566405467,0.9261516571044922,59.96002664890073
flipped_part_007.mp4,83,0,2,0.1337703911130558,0.9273672103881836,0.5001725373444734,2,0.1337703911130558,0.9273672103881836,59.96002664890073
flipped_part_007.mp4,84,0,2,0.1334347649910099,0.9318485260009766,0.5076131750036169,2,0.1334347649910099,0.9318485260009766,59.96002664890073
flipped_part_007.mp4,85,0,2,0.1321472803828159,0.9313700358072916,0.5116198504412616,2,0.1321472803828159,0.9313700358072916,59.96002664890073
flipped_part_007.mp4,86,0,2,0.1353000876202713,0.940575663248698,0.5143791481300637,2,0.1353000876202713,0.940575663248698,59.96002664890073
flipped_part_007.mp4,87,0,2,0.1332146099392169,0.9409515380859376,0.5237912778501157,2,0.1332146099392169,0.9409515380859376,59.96002664890073
flipped_part_007.mp4,88,0,2,0.1322988113558155,0.9429349899291992,0.5313121654369213,2,0.1322988113558155,0.9429349899291992,59.96002664890073
flipped_part_007.mp4,89,0,2,0.1303130105183816,0.9416437149047852,0.5346349645543982,2,0.1303130105183816,0.9416437149047852,59.96002664890073
flipped_part_007.mp4,90,0,2,0.1274311603018784,0.9396385192871094,0.5401437830041956,2,0.1274311603018784,0.9396385192871094,59.96002664890073
flipped_part_007.mp4,91,0,2,0.122482542684043,0.9349933624267578,0.547826244212963,2,0.122482542684043,0.9349933624267578,59.96002664890073
flipped_part_007.mp4,92,0,2,0.1172060614852752,0.9259262084960938,0.5522064208984375,2,0.1172060614852752,0.9259262084960938,59.96002664890073
flipped_part_007.mp4,93,0,2,0.1110902157487968,0.9171966552734376,0.5619452582465277,2,0.1110902157487968,0.9171966552734376,59.96002664890073
flipped_part_007.mp4,94,0,2,0.097876647302053,0.8912335077921549,0.5694048846209491,2,0.097876647302053,0.8912335077921549,59.96002664890073
flipped_part_007.mp4,95,0,2,0.0928032084422496,0.8834980010986329,0.575972154405382,2,0.0928032084422496,0.8834980010986329,59.96002664890073
flipped_part_007.mp4,96,0,2,0.0898990437047797,0.8801270167032877,0.5843783343279804,2,0.0898990437047797,0.8801270167032877,59.96002664890073
flipped_part_007.mp4,97,0,2,0.0872407935733689,0.8767962137858073,0.5908236468279803,2,0.0872407935733689,0.8767962137858073,59.96002664890073
flipped_part_007.mp4,98,0,2,0.0874545663087715,0.8811172485351563,0.5982355188440394,2,0.0874545663087715,0.8811172485351563,59.96002664890073
flipped_part_007.mp4,99,0,2,0.0837951798883538,0.876374626159668,0.6060044465241609,1,0.0027815698907943,0.6984439849853515,59.96002664890073
flipped_part_007.mp4,100,0,2,0.0810943630394198,0.8752891540527343,0.6161830760814525,1,0.00284986470619,0.6983219782511393,59.96002664890073
flipped_part_007.mp4,101,0,3,0.0801623465395877,0.8757540384928385,0.620876623083044,1,0.002780868751013,0.6982275644938151,59.96002664890073
flipped_part_007.mp4,102,0,2,0.0788330364896036,0.8775070190429688,0.6307244194878472,1,0.0025685436603089,0.6980857849121094,59.96002664890073
flipped_part_007.mp4,103,0,2,0.0762679154457765,0.8745813369750977,0.6392842045536747,1,0.0026852861048731,0.6986853281656901,59.96002664890073
flipped_part_007.mp4,104,0,2,0.0747822590501056,0.8748445510864258,0.6455949571397569,1,0.0027933881081062,0.6989120483398438,59.96002664890073
flipped_part_007.mp4,105,0,2,0.0729724567557827,0.8748313903808593,0.652462712040654,1,0.0029462213592296,0.6992549896240234,59.96002664890073
flipped_part_007.mp4,106,0,2,0.0697932638171169,0.8724369049072266,0.6626715200918692,1,0.0028856728700338,0.6991472244262695,59.96002664890073
flipped_part_007.mp4,107,0,2,0.0675966310476953,0.8712345123291015,0.6715702763310185,1,0.0024395322912702,0.6994491577148437,59.96002664890073
flipped_part_007.mp4,108,0,2,0.0661789752224447,0.8724340438842774,0.6799352010091145,1,0.0023815709961868,0.6995109558105469,59.96002664890073
flipped_part_007.mp4,109,0,3,0.0643605931019367,0.8720521926879883,0.6892626727068866,2,0.0027755133344584,0.699673080444336,59.96002664890073
flipped_part_007.mp4,110,0,2,0.0626039993146184,0.87269287109375,0.6983663488317419,1,0.0026619493775069,0.6995400110880534,59.96002664890073
flipped_part_007.mp4,111,0,3,0.0631362845691173,0.8818474451700846,0.7079892758969908,2,0.0029341033991173,0.6996288299560547,59.96002664890073
flipped_part_007.mp4,112,0,2,0.0638078111909864,0.8899803797403971,0.7141269259982639,1,0.0030015834340398,0.6992918650309244,59.96002664890073
flipped_part_007.mp4,113,0,2,0.0624318584896563,0.8948955535888672,0.7256140249746817,1,0.0030761738552057,0.6996939341227214,59.96002664890073
flipped_part_007.mp4,114,0,2,0.0601144363926213,0.89215513865153,0.7342467696578414,1,0.0031433726387492,0.7001283009847005,59.96002664890073
flipped_part_007.mp4,115,0,2,0.0577262712915371,0.8933885574340821,0.7448431509512442,1,0.0029197903370691,0.70011412302653,59.96002664890073
flipped_part_007.mp4,116,0,2,0.0560432594113323,0.8963712692260742,0.7543021308051215,1,0.00284820692258,0.7000599543253581,59.96002664890073
flipped_part_007.mp4,117,0,2,0.0543726856036817,0.8987621943155925,0.7650820696795428,1,0.0031038425920529,0.7001344680786132,59.96002664890073
flipped_part_007.mp4,118,0,2,0.0508191192989815,0.8981012344360352,0.7773244222005208,1,0.0031169161512042,0.7006359736124674,59.96002664890073
flipped_part_007.mp4,119,0,3,0.048942668083182,0.8983372370402019,0.7861141063548901,2,0.0031972227023895,0.7009297053019206,59.96002664890073
flipped_part_007.mp4,120,0,3,0.0464794220499849,0.8982978820800781,0.7978254530164931,2,0.0032138256879989,0.7012657801310221,59.96002664890073
flipped_part_007.mp4,121,0,3,0.0448613843878653,0.9010630289713542,0.8076059977213542,2,0.0033288386176529,0.7015915552775065,59.96002664890073
flipped_part_007.mp4,122,0,2,0.0435183607251491,0.9072391510009764,0.8178405196578414,1,0.003370124934461,0.701322364807129,59.96002664890073
flipped_part_007.mp4,123,0,2,0.0410899380414048,0.910716438293457,0.8273323906792535,1,0.0034279131767107,0.7012835184733073,59.96002664890073
flipped_part_007.mp4,124,0,2,0.0379247294512202,0.911084238688151,0.841096270525897,1,0.0032925867771458,0.7010469436645508,59.96002664890073
flipped_part_007.mp4,125,0,2,0.0346657199490733,0.9110084533691406,0.8521531281647858,1,0.0033302903651201,0.7013621648152669,59.96002664890073
flipped_part_007.mp4,126,0,3,0.0314368344823985,0.9097047805786131,0.8656619601779514,2,0.0033652192579918,0.7018894195556641,59.96002664890073
flipped_part_007.mp4,127,0,3,0.0277956687915138,0.9034782409667969,0.8773912217881944,2,0.0033777637800139,0.7020962397257487,59.96002664890073
flipped_part_007.mp4,128,0,2,0.0233105195130014,0.8948195139567058,0.8887363009982638,1,0.0034423067715963,0.7024564743041992,59.96002664890073
flipped_part_007.mp4,129,0,3,0.0205257296685077,0.8844083786010742,0.8971808539496527,2,0.0034429100021952,0.7025015513102214,59.96002664890073
flipped_part_007.mp4,130,0,3,0.0147781658886621,0.8525616327921549,0.9119130452473958,2,0.003335597333094,0.702517573038737,59.96002664890073
flipped_part_007.mp4,131,0,3,0.0113734877965719,0.8477413177490234,0.9242857191297744,2,0.0034661799716802,0.7028811772664388,59.96002664890073
flipped_part_007.mp4,132,0,3,0.0081981111966097,0.8435452143351237,0.9388674700701678,2,0.0035383357365369,0.7025309244791667,59.96002664890073
flipped_part_007.mp4,133,0,3,0.0055977313918992,0.8397749582926433,0.9561604817708332,2,0.0034856203172778,0.7028740564982097,59.96002664890073
flipped_part_007.mp4,134,0,2,0.0029218172496702,0.7037649154663086,0.3676880447952835,2,0.0029218172496702,0.7037649154663086,59.96002664890073
flipped_part_007.mp4,135,0,2,0.0036500128668558,0.7040337244669597,0.3661520216200087,2,0.0036500128668558,0.7040337244669597,59.96002664890073
flipped_part_007.mp4,136,0,3,0.0032667950057657,0.7041744867960612,0.3623633490668402,3,0.0032667950057657,0.7041744867960612,59.96002664890073
flipped_part_007.mp4,137,0,2,0.0037849959727311,0.7043764114379882,0.3601931819209346,2,0.0037849959727311,0.7043764114379882,59.96002664890073
flipped_part_007.mp4,138,0,3,0.0038035311121428,0.7045403162638346,0.3544620937771267,3,0.0038035311121428,0.7045403162638346,59.96002664890073
flipped_part_007.mp4,139,0,3,0.0039450337094065,0.7046981811523437,0.3498569064670139,3,0.0039450337094065,0.7046981811523437,59.96002664890073
flipped_part_007.mp4,140,0,2,0.0039216834927598,0.7046764373779297,0.3476929841218171,2,0.0039216834927598,0.7046764373779297,59.96002664890073
flipped_part_007.mp4,141,0,2,0.0039164137594613,0.7045288721720377,0.3457177338776765,2,0.0039164137594613,0.7045288721720377,59.96002664890073
flipped_part_007.mp4,142,0,2,0.0039093672493375,0.7049496332804362,0.3420000712076823,2,0.0039093672493375,0.7049496332804362,59.96002664890073
flipped_part_007.mp4,143,0,2,0.0039993865925848,0.7050216674804688,0.3364980909559462,2,0.0039993865925848,0.7050216674804688,59.96002664890073
flipped_part_007.mp4,144,0,2,0.0041011509111073,0.7051125208536784,0.3305961043746383,2,0.0041011509111073,0.7051125208536784,59.96002664890073
flipped_part_007.mp4,145,0,2,0.0042981316641089,0.70526123046875,0.3252714369032118,2,0.0042981316641089,0.70526123046875,59.96002664890073
flipped_part_007.mp4,146,0,1,0.0040295906450288,0.7058229446411133,0.3217252378110532,1,0.0040295906450288,0.7058229446411133,59.96002664890073
flipped_part_007.mp4,147,0,2,0.0041842639781599,0.7062234878540039,0.3182718912760416,2,0.0041842639781599,0.7062234878540039,59.96002664890073
flipped_part_007.mp4,148,0,3,0.0041849971329793,0.7061540603637695,0.3147161978262442,3,0.0041849971329793,0.7061540603637695,59.96002664890073
flipped_part_007.mp4,149,0,4,0.0043175816041507,0.7062688827514648,0.3092353255660445,4,0.0043175816041507,0.7062688827514648,59.96002664890073
flipped_part_007.mp4,150,0,2,0.0042006225537301,0.7063005447387696,0.3057359483506944,2,0.0042006225537301,0.7063005447387696,59.96002664890073
flipped_part_007.mp4,151,0,3,0.0041809277666551,0.7067257563273112,0.3012629191080729,3,0.0041809277666551,0.7067257563273112,59.96002664890073
flipped_part_007.mp4,152,0,2,0.0042008348297235,0.7071360270182292,0.2970715840657552,2,0.0042008348297235,0.7071360270182292,59.96002664890073
flipped_part_007.mp4,153,0,2,0.0043299058341007,0.7074194590250651,0.2902480513961227,2,0.0043299058341007,0.7074194590250651,59.96002664890073
flipped_part_007.mp4,154,0,2,0.0043119547893487,0.7072370529174805,0.2857130545156973,2,0.0043119547893487,0.7072370529174805,59.96002664890073
flipped_part_007.mp4,155,0,2,0.0047207210582726,0.7081425348917644,0.2805254053186487,2,0.0047207210582726,0.7081425348917644,59.96002664890073
flipped_part_007.mp4,156,0,2,0.0046869373849929,0.7085126876831055,0.2793135748969184,2,0.0046869373849929,0.7085126876831055,59.96002664890073
flipped_part_007.mp4,157,0,2,0.0045823717965201,0.7083333969116211,0.2740320276331018,2,0.0045823717965201,0.7083333969116211,59.96002664890073
flipped_part_007.mp4,158,0,1,0.0044751950799427,0.708355967203776,0.2707178751627604,1,0.0044751950799427,0.708355967203776,59.96002664890073
flipped_part_007.mp4,159,0,1,0.0045560471547651,0.7084713617960612,0.2674345510977285,1,0.0045560471547651,0.7084713617960612,59.96002664890073
flipped_part_007.mp4,160,0,1,0.0046680885920391,0.7087982813517253,0.263793041087963,1,0.0046680885920391,0.7087982813517253,59.96002664890073
flipped_part_007.mp4,161,0,3,0.0047154820448486,0.7095056533813476,0.2594412909613715,3,0.0047154820448486,0.7095056533813476,59.96002664890073
flipped_part_007.mp4,162,0,3,0.0047295308365816,0.7099872589111328,0.2575635274251302,3,0.0047295308365816,0.7099872589111328,59.96002664890073
flipped_part_007.mp4,163,0,3,0.0049997092027398,0.7101818720499674,0.2542933146158854,3,0.0049997092027398,0.7101818720499674,59.96002664890073
flipped_part_007.mp4,164,0,3,0.0050295299640856,0.710670280456543,0.2527830335828993,3,0.0050295299640856,0.710670280456543,59.96002664890073
flipped_part_007.mp4,165,0,3,0.0051751629485214,0.7107867558797201,0.2427591959635416,3,0.0051751629485214,0.7107867558797201,59.96002664890073
flipped_part_007.mp4,166,0,2,0.0051580021048883,0.7108741760253906,0.2443903605143229,2,0.0051580021048883,0.7108741760253906,59.96002664890073
flipped_part_007.mp4,167,0,2,0.0051366738314391,0.7107288360595703,0.2376734415690104,2,0.0051366738314391,0.7107288360595703,59.96002664890073
flipped_part_007.mp4,168,0,2,0.0050473354651411,0.7108322779337565,0.237617520932798,2,0.0050473354651411,0.7108322779337565,59.96002664890073
flipped_part_007.mp4,169,0,2,0.0052514630793141,0.7110596338907877,0.2350958930121527,2,0.0052514630793141,0.7110596338907877,59.96002664890073
flipped_part_007.mp4,170,0,3,0.0053031221036023,0.711185073852539,0.2322845458984375,3,0.0053031221036023,0.711185073852539,59.96002664890073
flipped_part_007.mp4,171,0,2,0.0053557669297313,0.711352793375651,0.2303614298502604,2,0.0053557669297313,0.711352793375651,59.96002664890073
flipped_part_007.mp4,172,0,2,0.0053259342035744,0.7114853541056315,0.2279313829210069,2,0.0053259342035744,0.7114853541056315,59.96002664890073
flipped_part_007.mp4,173,0,3,0.0053949454575194,0.7118343353271485,0.2256317986382378,3,0.0053949454575194,0.7118343353271485,59.96002664890073
flipped_part_007.mp4,174,0,3,0.0054435103858445,0.7119180679321289,0.2246276290328414,3,0.0054435103858445,0.7119180679321289,59.96002664890073
flipped_part_007.mp4,175,0,3,0.0054344616367598,0.7119976043701172,0.2237023247612847,3,0.0054344616367598,0.7119976043701172,59.96002664890073
flipped_part_007.mp4,176,0,2,0.0053316006515524,0.7121189117431641,0.2219816419813368,2,0.0053316006515524,0.7121189117431641,59.96002664890073
flipped_part_007.mp4,177,0,2,0.0052974995508783,0.7122398376464844,0.2211085849338107,2,0.0052974995508783,0.7122398376464844,59.96002664890073
flipped_part_007.mp4,178,0,2,0.0053682937280326,0.712074089050293,0.2203329298231336,2,0.0053682937280326,0.712074089050293,59.96002664890073
flipped_part_007.mp4,179,0,2,0.0055227854432693,0.7123931884765625,0.2188720703125,2,0.0055227854432693,0.7123931884765625,59.96002664890073
flipped_part_007.mp4,180,0,2,0.005592382451529,0.7128567377726237,0.2174722459581163,2,0.005592382451529,0.7128567377726237,59.96002664890073
flipped_part_007.mp4,181,0,2,0.0055928784645059,0.7139816919962565,0.2162500452112268,2,0.0055928784645059,0.7139816919962565,59.96002664890073
flipped_part_007.mp4,182,0,1,0.0053506880953662,0.7140924453735351,0.2155444675021701,1,0.0053506880953662,0.7140924453735351,59.96002664890073
flipped_part_007.mp4,183,0,1,0.0057486018009755,0.7143286387125651,0.2152726915147569,1,0.0057486018009755,0.7143286387125651,59.96002664890073
flipped_part_007.mp4,184,0,1,0.0059784269539037,0.7146446863810222,0.2149405867965133,1,0.0059784269539037,0.7146446863810222,59.96002664890073
flipped_part_007.mp4,185,0,1,0.0061736923139283,0.7150847117106119,0.2132432725694444,1,0.0061736923139283,0.7150847117106119,59.96002664890073
flipped_part_007.mp4,186,0,1,0.0063812750129727,0.7152712504069011,0.2136603461371528,1,0.0063812750129727,0.7152712504069011,59.96002664890073
flipped_part_007.mp4,187,0,1,0.0064504660433158,0.7154752731323242,0.2169209798177083,1,0.0064504660433158,0.7154752731323242,59.96002664890073
flipped_part_007.mp4,188,0,1,0.0064293041980514,0.7157661437988281,0.2141621907552083,1,0.0064293041980514,0.7157661437988281,59.96002664890073
flipped_part_007.mp4,189,0,1,0.0064227883054667,0.7159994761149089,0.2127694023980034,1,0.0064227883054667,0.7159994761149089,59.96002664890073
flipped_part_007.mp4,190,0,1,0.006418581252176,0.7163654963175455,0.212402852376302,1,0.006418581252176,0.7163654963175455,59.96002664890073
flipped_part_007.mp4,191,0,1,0.0064801207379787,0.7163326899210612,0.2121132744683159,1,0.0064801207379787,0.7163326899210612,59.96002664890073
flipped_part_007.mp4,192,0,1,0.0065726512008081,0.716404914855957,0.2134474860297309,1,0.0065726512008081,0.716404914855957,59.96002664890073
flipped_part_007.mp4,193,0,1,0.0066986048967616,0.7168317794799804,0.212926850495515,1,0.0066986048967616,0.7168317794799804,59.96002664890073
flipped_part_007.mp4,194,0,1,0.0067444107435423,0.716880989074707,0.2172107272677951,1,0.0067444107435423,0.716880989074707,59.96002664890073
flipped_part_007.mp4,195,0,1,0.0067958230251032,0.7174924850463867,0.2196120650679976,1,0.0067958230251032,0.7174924850463867,59.96002664890073
flipped_part_007.mp4,196,0,1,0.0072219452086008,0.7179557800292968,0.2247772216796875,1,0.0072219452086008,0.7179557800292968,59.96002664890073
flipped_part_007.mp4,197,0,1,0.0071991039288049,0.7181785583496094,0.2256630791558159,1,0.0071991039288049,0.7181785583496094,59.96002664890073
flipped_part_007.mp4,198,0,1,0.0073499302776569,0.71814390818278,0.2296315511067708,1,0.0073499302776569,0.71814390818278,59.96002664890073
flipped_part_007.mp4,199,0,1,0.0074284031239706,0.71763121287028,0.2324641757541232,1,0.0074284031239706,0.71763121287028,59.96002664890073
flipped_part_007.mp4,200,0,1,0.0072986292882005,0.7173764546712239,0.2349960609718605,1,0.0072986292882005,0.7173764546712239,59.96002664890073
flipped_part_007.mp4,201,0,2,0.0076661996561516,0.7180483500162761,0.2402773821795428,2,0.0076661996561516,0.7180483500162761,59.96002664890073
flipped_part_007.mp4,202,0,2,0.0077065614382121,0.7184481302897135,0.2415819803873698,2,0.0077065614382121,0.7184481302897135,59.96002664890073
flipped_part_007.mp4,203,0,1,0.0076851996295402,0.7196332931518554,0.2424150537561487,1,0.0076851996295402,0.7196332931518554,59.96002664890073
flipped_part_007.mp4,204,0,2,0.0079014142017802,0.7201512018839519,0.2437837388780382,2,0.0079014142017802,0.7201512018839519,59.96002664890073
flipped_part_007.mp4,205,0,2,0.0079833841134354,0.7208957672119141,0.2474083229347511,2,0.0079833841134354,0.7208957672119141,59.96002664890073
flipped_part_007.mp4,206,0,2,0.0082442130663225,0.7212312698364258,0.2504935370551215,2,0.0082442130663225,0.7212312698364258,59.96002664890073
flipped_part_007.mp4,207,0,1,0.0085150553138562,0.7218904495239258,0.2516345836498119,1,0.0085150553138562,0.7218904495239258,59.96002664890073
flipped_part_007.mp4,208,0,1,0.0083769827964715,0.7221622467041016,0.2534835815429687,1,0.0083769827964715,0.7221622467041016,59.96002664890073
flipped_part_007.mp4,209,0,1,0.0087921310927615,0.7231812795003255,0.2570431179470486,1,0.0087921310927615,0.7231812795003255,59.96002664890073
flipped_part_007.mp4,210,0,1,0.0088862159234014,0.7234423319498698,0.2603200559262876,1,0.0088862159234014,0.7234423319498698,59.96002664890073
flipped_part_007.mp4,211,0,1,0.0089910971865174,0.7239538192749023,0.2636423746744791,1,0.0089910971865174,0.7239538192749023,59.96002664890073
flipped_part_007.mp4,212,0,1,0.0091464575390219,0.7245262145996094,0.2673071967230903,1,0.0091464575390219,0.7245262145996094,59.96002664890073
flipped_part_007.mp4,213,0,1,0.0094699419705167,0.7258049011230469,0.2711871959544994,1,0.0094699419705167,0.7258049011230469,59.96002664890073
flipped_part_007.mp4,214,0,1,0.0095060572348787,0.7267896652221679,0.2750498736346209,1,0.0095060572348787,0.7267896652221679,59.96002664890073
flipped_part_007.mp4,215,0,1,0.0097391643340718,0.7263483683268229,0.2791146454987702,1,0.0097391643340718,0.7263483683268229,59.96002664890073
flipped_part_007.mp4,216,0,1,0.0097283058544551,0.7266871770222981,0.282303308557581,1,0.0097283058544551,0.7266871770222981,59.96002664890073
flipped_part_007.mp4,217,0,2,0.0098887935406916,0.7269632339477539,0.286133066813151,2,0.0098887935406916,0.7269632339477539,59.96002664890073
flipped_part_007.mp4,218,0,1,0.0102124313245125,0.7282968521118164,0.2906565630877459,1,0.0102124313245125,0.7282968521118164,59.96002664890073
flipped_part_007.mp4,219,0,2,0.0104470096222939,0.7289481480916341,0.2930453830295139,2,0.0104470096222939,0.7289481480916341,59.96002664890073
flipped_part_007.mp4,220,0,2,0.0106192208977019,0.7294071833292644,0.2979583740234375,2,0.0106192208977019,0.7294071833292644,59.96002664890073
flipped_part_007.mp4,221,0,3,0.0109063386725675,0.730937639872233,0.300209327980324,2,0.0109063386725675,0.730937639872233,59.96002664890073
flipped_part_007.mp4,222,0,2,0.0111370859386968,0.7314585367838542,0.3036809285481771,2,0.0111370859386968,0.7314585367838542,59.96002664890073
flipped_part_007.mp4,223,0,2,0.0111786115086579,0.7316658655802409,0.3056291650842737,2,0.0111786115086579,0.7316658655802409,59.96002664890073
flipped_part_007.mp4,224,0,1,0.0113127195108164,0.733082389831543,0.3077586986400463,1,0.0113127195108164,0.733082389831543,59.96002664890073
flipped_part_007.mp4,225,0,1,0.0116163478363887,0.7339187622070312,0.3095701429578993,1,0.0116163478363887,0.7339187622070312,59.96002664890073
flipped_part_007.mp4,226,0,1,0.011646215399324,0.7342479705810547,0.3121702688711661,1,0.011646215399324,0.7342479705810547,59.96002664890073
flipped_part_007.mp4,227,0,1,0.011785917855687,0.7338707605997722,0.3133668970178674,1,0.011785917855687,0.7338707605997722,59.96002664890073
flipped_part_007.mp4,228,0,1,0.0116673313718153,0.7341152191162109,0.3149533024540654,1,0.0116673313718153,0.7341152191162109,59.96002664890073
flipped_part_007.mp4,229,0,1,0.0119618888595141,0.7354132334391276,0.31640625,1,0.0119618888595141,0.7354132334391276,59.96002664890073
flipped_part_007.mp4,230,0,1,0.0122334370189788,0.7358379999796549,0.3173194885253906,1,0.0122334370189788,0.7358379999796549,59.96002664890073
flipped_part_007.mp4,231,0,1,0.0124362384189347,0.7363822937011719,0.3174264978479456,1,0.0124362384189347,0.7363822937011719,59.96002664890073
flipped_part_007.mp4,232,0,1,0.0129386785414061,0.7370519638061523,0.3175360220449942,1,0.0129386785414061,0.7370519638061523,59.96002664890073
flipped_part_007.mp4,233,0,1,0.0131885973129828,0.7375399271647135,0.3176380016185619,1,0.0131885973129828,0.7375399271647135,59.96002664890073
flipped_part_007.mp4,234,0,2,0.013521505195337,0.7379058837890625,0.3191509953251591,1,0.013521505195337,0.7379058837890625,59.96002664890073
flipped_part_007.mp4,235,0,2,0.0137198931219582,0.7389058430989583,0.3177187036584925,1,0.0137198931219582,0.7389058430989583,59.96002664890073
flipped_part_007.mp4,236,0,1,0.0139139608914653,0.7396743774414063,0.3171357896592882,1,0.0139139608914653,0.7396743774414063,59.96002664890073
flipped_part_007.mp4,237,0,1,0.0140120830523665,0.7399534861246745,0.3168045043945312,1,0.0140120830523665,0.7399534861246745,59.96002664890073
flipped_part_007.mp4,238,0,1,0.0143076312751509,0.7399862925211589,0.3153850414134838,1,0.0143076312751509,0.7399862925211589,59.96002664890073
flipped_part_007.mp4,239,0,2,0.0145272514834747,0.7406134287516276,0.3166104069462529,1,0.0145272514834747,0.7406134287516276,59.96002664890073
flipped_part_007.mp4,240,0,2,0.0146589712611684,0.7410956064860026,0.3165175826461227,1,0.0146589712611684,0.7410956064860026,59.96002664890073
flipped_part_007.mp4,241,0,1,0.0148517382238617,0.7413843154907227,0.3145255477340133,1,0.0148517382238617,0.7413843154907227,59.96002664890073
flipped_part_007.mp4,242,0,1,0.0148147398666036,0.742100207010905,0.3119837725604022,1,0.0148147398666036,0.742100207010905,59.96002664890073
flipped_part_007.mp4,243,0,2,0.0150892009029619,0.7427450180053711,0.3106584619592737,1,0.0150892009029619,0.7427450180053711,59.96002664890073
flipped_part_007.mp4,244,0,3,0.0152253302410827,0.7423958460489909,0.3079087999131944,1,0.0152253302410827,0.7423958460489909,59.96002664890073
flipped_part_007.mp4,245,0,2,0.0156794058201032,0.742887306213379,0.3060360378689236,1,0.0156794058201032,0.742887306213379,59.96002664890073
flipped_part_007.mp4,246,0,2,0.0160404511455217,0.7435977935791016,0.3049340142144097,1,0.0160404511455217,0.7435977935791016,59.96002664890073
flipped_part_007.mp4,247,0,1,0.0159449819491994,0.7438676198323567,0.3004861054597078,1,0.0159449819491994,0.7438676198323567,59.96002664890073
flipped_part_007.mp4,248,0,1,0.0163527722222109,0.7448741912841796,0.2999718560112847,1,0.0163527722222109,0.7448741912841796,59.96002664890073
flipped_part_007.mp4,249,0,2,0.0167005683901111,0.7459824244181316,0.2983370463053385,1,0.0167005683901111,0.7459824244181316,59.96002664890073
flipped_part_007.mp4,250,0,2,0.0170093112771563,0.7464902242024739,0.2975829512984664,1,0.0170093112771563,0.7464902242024739,59.96002664890073
flipped_part_007.mp4,251,0,2,0.0176341776297259,0.7475886027018229,0.2956704033745659,1,0.0176341776297259,0.7475886027018229,59.96002664890073
flipped_part_007.mp4,252,0,2,0.0179745577139935,0.7480234146118164,0.2934739854600694,1,0.0179745577139935,0.7480234146118164,59.96002664890073
flipped_part_007.mp4,253,0,1,0.0182262340933084,0.7490198135375976,0.2903628879123264,1,0.0182262340933084,0.7490198135375976,59.96002664890073
flipped_part_007.mp4,254,0,2,0.0186531103798188,0.7496759414672851,0.2893961023401331,1,0.0186531103798188,0.7496759414672851,59.96002664890073
flipped_part_007.mp4,255,0,2,0.0187782940157221,0.7499012629191081,0.2852557994701244,1,0.0187782940157221,0.7499012629191081,59.96002664890073
flipped_part_007.mp4,256,0,2,0.0193166237776879,0.7505273183186849,0.2845562687626591,1,0.0193166237776879,0.7505273183186849,59.96002664890073
flipped_part_007.mp4,257,0,2,0.019773984345698,0.7512915293375652,0.2836205376519097,1,0.019773984345698,0.7512915293375652,59.96002664890073
flipped_part_007.mp4,258,0,2,0.0197917421523015,0.7517277399698893,0.2840035332573785,1,0.0197917421523015,0.7517277399698893,59.96002664890073
flipped_part_007.mp4,259,0,1,0.0204667048736397,0.7527843475341797,0.2825707612214265,1,0.0204667048736397,0.7527843475341797,59.96002664890073
flipped_part_007.mp4,260,0,1,0.0207854829462572,0.7534147262573242,0.2809638129340278,1,0.0207854829462572,0.7534147262573242,59.96002664890073
flipped_part_007.mp4,261,0,3,0.0213906870956944,0.7545339584350585,0.2811589841489438,1,0.0213906870956944,0.7545339584350585,59.96002664890073
flipped_part_007.mp4,262,0,3,0.0217087753840691,0.7546157836914062,0.278427830448857,1,0.0217087753840691,0.7546157836914062,59.96002664890073
flipped_part_007.mp4,263,0,3,0.0220528825274474,0.755276870727539,0.2726738258644386,1,0.0220528825274474,0.755276870727539,59.96002664890073
flipped_part_007.mp4,264,0,1,0.0225554551778865,0.7565533320109049,0.2738934269657841,1,0.0225554551778865,0.7565533320109049,59.96002664890073
flipped_part_007.mp4,265,0,2,0.0230350173857813,0.7570255915323894,0.2703696639449508,1,0.0230350173857813,0.7570255915323894,59.96002664890073
flipped_part_007.mp4,266,0,1,0.0235346591589741,0.7576895395914713,0.2678254021538628,1,0.0235346591589741,0.7576895395914713,59.96002664890073
flipped_part_007.mp4,267,0,2,0.0240113367430361,0.7582632064819336,0.2640643649631076,1,0.0240113367430361,0.7582632064819336,59.96002664890073
flipped_part_007.mp4,268,0,2,0.024325192871469,0.7580951690673828,0.260494543004919,1,0.024325192871469,0.7580951690673828,59.96002664890073
flipped_part_007.mp4,269,0,2,0.0247823721449319,0.7590023040771484,0.2597302189579716,1,0.0247823721449319,0.7590023040771484,59.96002664890073
flipped_part_007.mp4,270,0,1,0.0252245373448574,0.7605031967163086,0.2608827661584925,1,0.0252245373448574,0.7605031967163086,59.96002664890073
flipped_part_007.mp4,271,0,1,0.0259564725585126,0.7616157531738281,0.2573232580114294,1,0.0259564725585126,0.7616157531738281,59.96002664890073
flipped_part_007.mp4,272,0,1,0.0263299872702918,0.7619762420654297,0.2531890586570457,1,0.0263299872702918,0.7619762420654297,59.96002664890073
flipped_part_007.mp4,273,0,1,0.0268217052704292,0.7621941248575846,0.2494069699887876,1,0.0268217052704292,0.7621941248575846,59.96002664890073
flipped_part_007.mp4,274,0,1,0.0271409244200104,0.7635608673095703,0.2453185187445746,1,0.0271409244200104,0.7635608673095703,59.96002664890073
flipped_part_007.mp4,275,0,2,0.0277754816183526,0.7645395278930665,0.2437262923629195,1,0.0277754816183526,0.7645395278930665,59.96002664890073
flipped_part_007.mp4,276,0,3,0.0284424315129419,0.7661144892374675,0.23911703604239,1,0.0284424315129419,0.7661144892374675,59.96002664890073
flipped_part_007.mp4,277,0,2,0.0292320457875533,0.7675724029541016,0.2364594918710214,1,0.0292320457875533,0.7675724029541016,59.96002664890073
flipped_part_007.mp4,278,0,2,0.0302992873726179,0.7696604410807292,0.2315708301685474,1,0.0302992873726179,0.7696604410807292,59.96002664890073
flipped_part_007.mp4,279,0,2,0.0314373502461419,0.7711819966634115,0.2272527341489438,1,0.0314373502461419,0.7711819966634115,59.96002664890073
flipped_part_007.mp4,280,0,2,0.0320308346114513,0.7717947006225586,0.221572932490596,1,0.0320308346114513,0.7717947006225586,59.96002664890073
flipped_part_007.mp4,281,0,2,0.0324250146572641,0.7724033991495768,0.2193869979293258,1,0.0324250146572641,0.7724033991495768,59.96002664890073
flipped_part_007.mp4,282,0,2,0.0327491004578769,0.7736368179321289,0.2165547688802083,1,0.0327491004578769,0.7736368179321289,59.96002664890073
flipped_part_007.mp4,283,0,2,0.0336566131437818,0.7753414789835612,0.2099572075737847,1,0.0336566131437818,0.7753414789835612,59.96002664890073
flipped_part_007.mp4,284,0,2,0.0340870225447859,0.7756568272908528,0.2082960905852141,1,0.0340870225447859,0.7756568272908528,59.96002664890073
flipped_part_007.mp4,285,0,1,0.035451655076665,0.7767765045166015,0.1998662595395688,1,0.035451655076665,0.7767765045166015,59.96002664890073
flipped_part_007.mp4,286,0,2,0.0363173613734802,0.7779844284057618,0.1921318901909722,1,0.0363173613734802,0.7779844284057618,59.96002664890073
flipped_part_007.mp4,287,0,2,0.0368889171690507,0.7789666493733723,0.1905322039568865,1,0.0368889171690507,0.7789666493733723,59.96002664890073
flipped_part_007.mp4,288,0,2,0.0374324622413647,0.7815014521280924,0.1872529771592881,1,0.0374324622413647,0.7815014521280924,59.96002664890073
flipped_part_007.mp4,289,0,2,0.0386841404123697,0.7827507019042969,0.1782467312282986,1,0.0386841404123697,0.7827507019042969,59.96002664890073
flipped_part_007.mp4,290,0,2,0.0394766269691064,0.7837764739990234,0.1737263997395833,1,0.0394766269691064,0.7837764739990234,59.96002664890073
flipped_part_007.mp4,291,0,2,0.0403295107061664,0.7846832275390625,0.1707899305555555,1,0.0403295107061664,0.7846832275390625,59.96002664890073
flipped_part_007.mp4,292,0,2,0.0408259132158558,0.7857217788696289,0.166649740713614,1,0.0408259132158558,0.7857217788696289,59.96002664890073
flipped_part_007.mp4,293,0,2,0.0416774162968633,0.7872291564941406,0.1612504182038484,1,0.0416774162968633,0.7872291564941406,59.96002664890073
flipped_part_007.mp4,294,0,1,0.0431549001065277,0.7886016845703125,0.1552760088885272,1,0.0431549001065277,0.7886016845703125,59.96002664890073
flipped_part_007.mp4,295,0,1,0.0445215629867096,0.7888727188110352,0.1488160875108506,1,0.0445215629867096,0.7888727188110352,59.96002664890073
flipped_part_007.mp4,296,0,1,0.0460893713745732,0.7918476104736328,0.1413976881239149,1,0.0460893713745732,0.7918476104736328,59.96002664890073
flipped_part_007.mp4,297,0,1,0.0477687960893079,0.7942509333292643,0.1310721785933883,1,0.0477687960893079,0.7942509333292643,59.96002664890073
flipped_part_007.mp4,298,0,1,0.0489558169527703,0.795605723063151,0.1229808383517795,1,0.0489558169527703,0.795605723063151,59.96002664890073
flipped_part_007.mp4,299,0,1,0.0493924523424357,0.796287727355957,0.1160617404513889,1,0.0493924523424357,0.796287727355957,59.96002664890073
flipped_part_007.mp4,300,1,1,0.0498945812780423,0.7984954833984375,0.1093480428059895,1,0.0498945812780423,0.7984954833984375,59.96002664890073
flipped_part_007.mp4,301,1,2,0.0510500138372353,0.7997785568237304,0.1002699392813223,1,0.0510500138372353,0.7997785568237304,59.96002664890073
flipped_part_007.mp4,302,1,2,0.0514017119166156,0.8004405975341797,0.0926513671875,1,0.0514017119166156,0.8004405975341797,59.96002664890073
flipped_part_007.mp4,303,1,2,0.0538987117388751,0.802960459391276,0.0835537380642361,1,0.0538987117388751,0.802960459391276,59.96002664890073
flipped_part_007.mp4,304,1,2,0.0551376655732747,0.8046562194824218,0.0758159496166088,1,0.0551376655732747,0.8046562194824218,59.96002664890073
flipped_part_007.mp4,305,1,3,0.0564107911991757,0.8058113733927409,0.0658023410373263,1,0.0564107911991757,0.8058113733927409,59.96002664890073
flipped_part_007.mp4,306,1,2,0.0579829216025245,0.8070150375366211,0.0571998596191406,1,0.0579829216025245,0.8070150375366211,59.96002664890073
flipped_part_007.mp4,307,1,3,0.0592344573648814,0.8094409942626953,0.0471941347475405,1,0.0592344573648814,0.8094409942626953,59.96002664890073
flipped_part_007.mp4,308,1,2,0.0610515794909992,0.811124610900879,0.0390871118616174,1,0.0610515794909992,0.811124610900879,59.96002664890073
flipped_part_007.mp4,309,1,2,0.0619987125421606,0.8122652053833008,0.0273761325412326,1,0.0619987125421606,0.8122652053833008,59.96002664890073
flipped_part_007.mp4,310,1,2,0.0636659922589832,0.814639155069987,0.01802978515625,1,0.0636659922589832,0.814639155069987,59.96002664890073
flipped_part_007.mp4,311,1,2,0.0652659170119592,0.8161535898844401,0.0089599891945167,1,0.0652659170119592,0.8161535898844401,59.96002664890073
flipped_part_007.mp4,312,1,2,0.0683891236328054,0.8190830866495769,0.000523206922743,1,0.0683891236328054,0.8190830866495769,59.96002664890073
flipped_part_007.mp4,313,1,2,0.0705170168788431,0.8221244812011719,0.0097608213071469,1,0.0705170168788431,0.8221244812011719,59.96002664890073
flipped_part_007.mp4,314,1,2,0.0726451977632543,0.824436632792155,0.0227274576822916,1,0.0726451977632543,0.824436632792155,59.96002664890073
flipped_part_007.mp4,315,1,2,0.0750221393178314,0.8273285547892253,0.0319680955674913,1,0.0750221393178314,0.8273285547892253,59.96002664890073
flipped_part_007.mp4,316,1,2,0.0778869528505795,0.8307547251383464,0.0441971955475983,1,0.0778869528505795,0.8307547251383464,59.96002664890073
flipped_part_007.mp4,317,1,2,0.0808441079469048,0.8343612670898437,0.054134538438585,1,0.0808441079469048,0.8343612670898437,59.96002664890073
flipped_part_007.mp4,318,1,2,0.0831646387755204,0.8365467707316081,0.0664273579915364,1,0.0831646387755204,0.8365467707316081,59.96002664890073
flipped_part_007.mp4,319,1,2,0.0854609053171804,0.8397848765055339,0.0765327453613281,1,0.0854609053171804,0.8397848765055339,59.96002664890073
flipped_part_007.mp4,320,1,2,0.0884966221391611,0.8431065241495769,0.0906573825412326,1,0.0884966221391611,0.8431065241495769,59.96002664890073
flipped_part_007.mp4,321,1,2,0.0921040862737572,0.8461938858032226,0.106091562906901,1,0.0921040862737572,0.8461938858032226,59.96002664890073
flipped_part_007.mp4,322,1,2,0.0945089032712542,0.8482170104980469,0.1177868878399884,1,0.0945089032712542,0.8482170104980469,59.96002664890073
flipped_part_007.mp4,323,1,2,0.0983887393270075,0.8530378341674805,0.131362067328559,1,0.0983887393270075,0.8530378341674805,59.96002664890073
flipped_part_007.mp4,324,1,2,0.1002977986307221,0.8560483932495118,0.146233085349754,1,0.1002977986307221,0.8560483932495118,59.96002664890073
flipped_part_007.mp4,325,1,3,0.1055277714389376,0.8596397399902344,0.1621363321940104,1,0.1055277714389376,0.8596397399902344,59.96002664890073
flipped_part_007.mp4,326,1,2,0.1099426900537865,0.8636027018229167,0.1772571139865451,1,0.1099426900537865,0.8636027018229167,59.96002664890073
flipped_part_007.mp4,327,1,2,0.1134201079343135,0.8675806681315105,0.1890179104275173,1,0.1134201079343135,0.8675806681315105,59.96002664890073
flipped_part_007.mp4,328,1,1,0.1194883743467267,0.8726537704467774,0.2095577381275318,1,0.1194883743467267,0.8726537704467774,59.96002664890073
flipped_part_007.mp4,329,1,2,0.1251755900136938,0.8782381057739258,0.2249252036765769,1,0.1251755900136938,0.8782381057739258,59.96002664890073
flipped_part_007.mp4,330,1,2,0.1315889408503641,0.8837324778238932,0.2443992332175926,1,0.1315889408503641,0.8837324778238932,59.96002664890073
flipped_part_007.mp4,331,1,2,0.1379638441230916,0.8904703776041667,0.2627817507143374,1,0.1379638441230916,0.8904703776041667,59.96002664890073
flipped_part_007.mp4,332,1,2,0.1436257505589337,0.8950972239176432,0.2788445366753472,2,0.1436257505589337,0.8950972239176432,59.96002664890073
flipped_part_007.mp4,333,1,2,0.149460314916063,0.9014081954956056,0.2998400652850115,2,0.149460314916063,0.9014081954956056,59.96002664890073
flipped_part_007.mp4,334,1,2,0.1571021110491171,0.9050947189331054,0.3259649771231192,2,0.1571021110491171,0.9050947189331054,59.96002664890073
flipped_part_007.mp4,335,1,2,0.1646042605329744,0.9103485107421876,0.3491587320963542,2,0.1646042605329744,0.9103485107421876,59.96002664890073
flipped_part_007.mp4,336,1,2,0.1691524111339822,0.915469741821289,0.3612630208333333,2,0.1691524111339822,0.915469741821289,59.96002664890073
flipped_part_007.mp4,337,1,2,0.1705442034138832,0.9203556060791016,0.3677461977358217,2,0.1705442034138832,0.9203556060791016,59.96002664890073
flipped_part_007.mp4,338,1,3,0.1765434437432383,0.9298498153686524,0.3714437131528501,3,0.1765434437432383,0.9298498153686524,59.96002664890073
flipped_part_007.mp4,339,1,2,0.1777675173960031,0.933852767944336,0.3781683180067274,2,0.1777675173960031,0.933852767944336,59.96002664890073
flipped_part_007.mp4,340,1,2,0.1808446429454973,0.9429317474365234,0.3880709330240885,2,0.1808446429454973,0.9429317474365234,59.96002664890073
flipped_part_007.mp4,341,1,2,0.186879108918171,0.95312925974528,0.3889315287272135,2,0.186879108918171,0.95312925974528,59.96002664890073
flipped_part_007.mp4,342,1,1,0.1896323422286918,0.9595368067423504,0.3937208387586806,1,0.1896323422286918,0.9595368067423504,59.96002664890073
flipped_part_007.mp4,343,1,1,0.1924580083953009,0.9671518325805664,0.3976864284939236,1,0.1924580083953009,0.9671518325805664,59.96002664890073
flipped_part_007.mp4,344,1,1,0.19747151161599,0.9775173823038736,0.402278815375434,1,0.19747151161599,0.9775173823038736,59.96002664890073
flipped_part_007.mp4,345,1,2,0.2027698719408363,0.9866937637329102,0.4072560628255208,2,0.2027698719408363,0.9866937637329102,59.96002664890073
flipped_part_007.mp4,346,1,2,0.2062953267059573,0.9988269805908204,0.4118088898835358,2,0.2062953267059573,0.9988269805908204,59.96002664890073
flipped_part_007.mp4,347,1,2,0.2060605345712166,0.999437395731608,0.4159480624728732,2,0.2060605345712166,0.999437395731608,59.96002664890073
flipped_part_007.mp4,348,1,2,0.2040480328283997,0.9994541803995768,0.4192721896701389,2,0.2040480328283997,0.9994541803995768,59.96002664890073
flipped_part_007.mp4,349,1,2,0.2017334535892587,0.9992975234985352,0.4236699422200521,2,0.2017334535892587,0.9992975234985352,59.96002664890073
flipped_part_007.mp4,350,1,2,0.2003537023470724,0.9996809005737304,0.4285231696234809,2,0.2003537023470724,0.9996809005737304,59.96002664890073
flipped_part_007.mp4,351,1,2,0.1971986786443988,0.9994722366333008,0.4357822276927807,2,0.1971986786443988,0.9994722366333008,59.96002664890073
flipped_part_007.mp4,352,1,1,0.197104481079344,0.9996179580688476,0.4405292087131076,1,0.197104481079344,0.9996179580688476,59.96002664890073
flipped_part_007.mp4,353,1,1,0.1947833063738006,0.9994964599609376,0.4444474962022569,1,0.1947833063738006,0.9994964599609376,59.96002664890073
flipped_part_007.mp4,354,1,1,0.1937017976938902,0.9990413665771484,0.4464528684262876,1,0.1937017976938902,0.9990413665771484,59.96002664890073
flipped_part_007.mp4,355,1,2,0.1924197559379832,0.9989139556884764,0.4512612519440827,2,0.1924197559379832,0.9989139556884764,59.96002664890073
flipped_part_007.mp4,356,1,2,0.1895615632230247,0.9986164093017578,0.4581248813205295,2,0.1895615632230247,0.9986164093017578,59.96002664890073
flipped_part_007.mp4,357,1,2,0.1892345062239016,0.9989181518554688,0.4616623772515191,2,0.1892345062239016,0.9989181518554688,59.96002664890073
flipped_part_007.mp4,358,1,2,0.187330099672577,0.9988844553629558,0.4658130221896701,2,0.187330099672577,0.9988844553629558,59.96002664890073
flipped_part_007.mp4,359,1,2,0.1865762434657275,0.998738161722819,0.4677988688151042,2,0.1865762434657275,0.998738161722819,59.96002664890073
flipped_part_007.mp4,360,1,2,0.1842295527706543,0.9988191604614258,0.4715449580439815,2,0.1842295527706543,0.9988191604614258,59.96002664890073
flipped_part_007.mp4,361,1,2,0.1829471521164695,0.9985855102539064,0.4767536869755497,2,0.1829471521164695,0.9985855102539064,59.96002664890073
flipped_part_007.mp4,362,1,2,0.1802786980442922,0.9989119211832682,0.4827914202654803,2,0.1802786980442922,0.9989119211832682,59.96002664890073
flipped_part_007.mp4,363,1,2,0.1793095539116162,0.9990781784057616,0.4863117924442998,2,0.1793095539116162,0.9990781784057616,59.96002664890073
flipped_part_007.mp4,364,1,2,0.1783688442377563,0.999465560913086,0.4890105070891203,2,0.1783688442377563,0.999465560913086,59.96002664890073
flipped_part_007.mp4,365,1,2,0.178589477457119,0.9993505477905272,0.4914414017288773,2,0.178589477457119,0.9993505477905272,59.96002664890073
flipped_part_007.mp4,366,1,2,0.1777003303355247,0.999201774597168,0.4933730513961227,2,0.1777003303355247,0.999201774597168,59.96002664890073
flipped_part_007.mp4,367,1,2,0.1768580514743613,0.9990435282389324,0.4933197021484375,2,0.1768580514743613,0.9990435282389324,59.96002664890073
flipped_part_007.mp4,368,1,2,0.1751970223081298,0.999054781595866,0.4993576614945023,2,0.1751970223081298,0.999054781595866,59.96002664890073
flipped_part_007.mp4,369,1,2,0.1748971216191313,0.9992868423461914,0.500874102557147,2,0.1748971216191313,0.9992868423461914,59.96002664890073
flipped_part_007.mp4,370,1,2,0.1737281619188488,0.9992053985595704,0.5041737309208623,2,0.1737281619188488,0.9992053985595704,59.96002664890073
flipped_part_007.mp4,371,1,2,0.1743876004750469,0.999493662516276,0.5017296119972512,2,0.1743876004750469,0.999493662516276,59.96002664890073
flipped_part_007.mp4,372,1,2,0.172686668310198,0.9995645523071288,0.503527436433015,2,0.172686668310198,0.9995645523071288,59.96002664890073
flipped_part_007.mp4,373,1,2,0.1740312222997014,0.9993129730224608,0.5066702383535879,2,0.1740312222997014,0.9993129730224608,59.96002664890073
flipped_part_007.mp4,374,1,2,0.1726162246223445,0.9990459442138672,0.5065659699616609,2,0.1726162246223445,0.9990459442138672,59.96002664890073
flipped_part_007.mp4,375,1,2,0.1720271949898839,0.9992204666137696,0.5061662462022569,2,0.1720271949898839,0.9992204666137696,59.96002664890073
flipped_part_007.mp4,376,1,1,0.1707943230767139,0.9991710662841796,0.5078171906647859,1,0.1707943230767139,0.9991710662841796,59.96002664890073
flipped_part_007.mp4,377,1,2,0.1722122013091144,0.9994735717773438,0.5079261497214989,2,0.1722122013091144,0.9994735717773438,59.96002664890073
flipped_part_007.mp4,378,1,2,0.1718413634485073,0.9992153803507487,0.5080827501085069,2,0.1718413634485073,0.9992153803507487,59.96002664890073
flipped_part_007.mp4,379,1,2,0.172973089213483,0.999167823791504,0.5072367350260417,2,0.172973089213483,0.999167823791504,59.96002664890073
flipped_part_007.mp4,380,1,1,0.1734358938681256,0.999323844909668,0.5062089142975984,1,0.1734358938681256,0.999323844909668,59.96002664890073
flipped_part_007.mp4,381,1,3,0.1730281972978264,0.9992197672526042,0.5065008092809606,3,0.1730281972978264,0.9992197672526042,59.96002664890073
flipped_part_007.mp4,382,1,2,0.1724576648424974,0.9991203308105469,0.5069725884331597,2,0.1724576648424974,0.9991203308105469,59.96002664890073
flipped_part_007.mp4,383,1,1,0.1719765580669088,0.999007034301758,0.506031573260272,1,0.1719765580669088,0.999007034301758,59.96002664890073
flipped_part_007.mp4,384,1,3,0.1726693646350759,0.9989739100138346,0.5065147682472512,3,0.1726693646350759,0.9989739100138346,59.96002664890073
flipped_part_007.mp4,385,1,2,0.1750109140922561,0.9990922927856444,0.5067699856228298,2,0.1750109140922561,0.9990922927856444,59.96002664890073
flipped_part_007.mp4,386,1,2,0.1751317154914916,0.9991140365600586,0.5063605414496528,2,0.1751317154914916,0.9991140365600586,59.96002664890073
flipped_part_007.mp4,387,1,1,0.1763376272999772,0.9990763346354168,0.5043508459020544,1,0.1763376272999772,0.9990763346354168,59.96002664890073
flipped_part_007.mp4,388,1,2,0.1761896705080289,0.9991997400919596,0.5045013427734375,2,0.1761896705080289,0.9991997400919596,59.96002664890073
flipped_part_007.mp4,389,1,2,0.1764426069653537,0.9991870880126952,0.5037727073386863,2,0.1764426069653537,0.9991870880126952,59.96002664890073
flipped_part_007.mp4,390,1,2,0.1763376082732187,0.999220848083496,0.5032055890118634,2,0.1763376082732187,0.999220848083496,59.96002664890073
flipped_part_007.mp4,391,1,2,0.1775480562345021,0.9992204666137696,0.5021131727430556,2,0.1775480562345021,0.9992204666137696,59.96002664890073
flipped_part_007.mp4,392,1,3,0.1775073858392985,0.9991308212280272,0.501389906141493,3,0.1775073858392985,0.9991308212280272,59.96002664890073
flipped_part_007.mp4,393,1,2,0.177957802394101,0.9992317835489908,0.498927081072772,2,0.177957802394101,0.9992317835489908,59.96002664890073
flipped_part_007.mp4,394,1,2,0.1786079074004535,0.9992731094360352,0.4983282583731192,2,0.1786079074004535,0.9992731094360352,59.96002664890073
flipped_part_007.mp4,395,1,2,0.1796256527921974,0.9993106842041016,0.4955408732096354,1,0.1796256527921974,0.9993106842041016,59.96002664890073
flipped_part_007.mp4,396,1,3,0.179419165221722,0.999142837524414,0.4922826131184896,1,0.179419165221722,0.999142837524414,59.96002664890073
flipped_part_007.mp4,397,1,1,0.1801976759258347,0.999152946472168,0.4909084743923611,1,0.1801976759258347,0.999152946472168,59.96002664890073
flipped_part_007.mp4,398,1,1,0.1806705134455114,0.9991558074951172,0.4903978135850694,1,0.1806705134455114,0.9991558074951172,59.96002664890073
flipped_part_007.mp4,399,1,1,0.1800621849526134,0.9992218017578124,0.4891829879195601,1,0.1800621849526134,0.9992218017578124,59.96002664890073
flipped_part_007.mp4,400,1,2,0.1812128333809475,0.999276606241862,0.4887557418258101,1,0.1812128333809475,0.999276606241862,59.96002664890073
flipped_part_007.mp4,401,1,2,0.1811247051602953,0.9994136810302734,0.4898798059534143,1,0.1811247051602953,0.9994136810302734,59.96002664890073
flipped_part_007.mp4,402,1,2,0.1807324461137048,0.9994028091430665,0.48907470703125,1,0.1807324461137048,0.9994028091430665,59.96002664890073
flipped_part_007.mp4,403,1,2,0.1798830808303965,0.999437395731608,0.4902109781901042,1,0.1798830808303965,0.999437395731608,59.96002664890073
flipped_part_007.mp4,404,1,1,0.1798270357700487,0.9994852701822916,0.4890427766022859,1,0.1798270357700487,0.9994852701822916,59.96002664890073
flipped_part_007.mp4,405,1,2,0.1799546921532601,0.9995407104492188,0.4894287109375,1,0.1799546921532601,0.9995407104492188,59.96002664890073
flipped_part_007.mp4,406,1,2,0.1794035811378853,0.9993662516276042,0.4870933815285012,1,0.1794035811378853,0.9993662516276042,59.96002664890073
flipped_part_007.mp4,407,1,2,0.178599453020746,0.999305534362793,0.4876150625723379,1,0.178599453020746,0.999305534362793,59.96002664890073
flipped_part_007.mp4,408,1,1,0.1773937244864646,0.9992517471313476,0.4879434091073495,1,0.1773937244864646,0.9992517471313476,59.96002664890073
flipped_part_007.mp4,409,1,1,0.1760233459565723,0.999250857035319,0.4898460670753761,1,0.1760233459565723,0.999250857035319,59.96002664890073
flipped_part_007.mp4,410,1,2,0.1750332140195597,0.99923521677653,0.4915625678168402,1,0.1750332140195597,0.99923521677653,59.96002664890073
flipped_part_007.mp4,411,1,2,0.1738797253273272,0.9993011474609376,0.4938574896918403,1,0.1738797253273272,0.9993011474609376,59.96002664890073
flipped_part_007.mp4,412,1,2,0.1703460199246937,0.9992219924926756,0.4978250574182581,1,0.1703460199246937,0.9992219924926756,59.96002664890073
flipped_part_007.mp4,413,1,1,0.1695502890210619,0.9992456436157228,0.4997681794343171,1,0.1695502890210619,0.9992456436157228,59.96002664890073
flipped_part_007.mp4,414,1,2,0.1655246154710012,0.9993675231933594,0.5010772139937789,1,0.1655246154710012,0.9993675231933594,59.96002664890073
flipped_part_007.mp4,415,1,1,0.164580321216447,0.9993167877197264,0.5057757342303241,1,0.164580321216447,0.9993167877197264,59.96002664890073
flipped_part_007.mp4,416,1,1,0.1641125815450666,0.9992523193359376,0.5114815606011285,1,0.1641125815450666,0.9992523193359376,59.96002664890073
flipped_part_007.mp4,417,1,1,0.1605490800502593,0.9992965698242188,0.5162667168511285,1,0.1605490800502593,0.9992965698242188,59.96002664890073
flipped_part_007.mp4,418,1,1,0.1624166945111937,0.9992533365885417,0.5214383725766782,1,0.1624166945111937,0.9992533365885417,59.96002664890073
flipped_part_007.mp4,419,1,2,0.1602429112212849,0.9991584777832032,0.5246669628002025,1,0.1602429112212849,0.9991584777832032,59.96002664890073
flipped_part_007.mp4,420,0,1,0.1523051127069629,0.999319076538086,0.5306179470486111,1,0.1523051127069629,0.999319076538086,59.96002664890073
flipped_part_007.mp4,421,0,1,0.1536955733019082,0.999729347229004,0.5367892795138889,1,0.1536955733019082,0.999729347229004,59.96002664890073
flipped_part_007.mp4,422,0,1,0.1535180823168362,0.999717140197754,0.542271649395978,1,0.1535180823168362,0.999717140197754,59.96002664890073
flipped_part_007.mp4,423,0,1,0.1512530961990382,0.9996801376342772,0.5476008097330729,1,0.1512530961990382,0.9996801376342772,59.96002664890073
flipped_part_007.mp4,424,0,1,0.1491979049625418,0.9991416931152344,0.5544138025354456,1,0.1491979049625418,0.9991416931152344,59.96002664890073
flipped_part_007.mp4,425,0,1,0.1452820185582041,0.9996809005737304,0.5655462759512442,1,0.1452820185582041,0.9996809005737304,59.96002664890073
flipped_part_007.mp4,426,0,1,0.1432872042447949,0.9990915298461914,0.5703870985243056,1,0.1432872042447949,0.9990915298461914,59.96002664890073
flipped_part_007.mp4,427,0,2,0.1298096791908675,0.9993772506713868,0.577932682743779,1,0.1298096791908675,0.9993772506713868,59.96002664890073
flipped_part_007.mp4,428,0,2,0.1344728349533649,0.9993288040161132,0.5888983267324942,1,0.1344728349533649,0.9993288040161132,59.96002664890073
flipped_part_007.mp4,429,0,1,0.1270519001783772,0.9993900934855144,0.5965935035988137,1,0.1270519001783772,0.9993900934855144,59.96002664890073
flipped_part_007.mp4,430,0,2,0.1247002528429737,0.9993759155273436,0.6096255267107928,0,0.0,0.0,59.96002664890073
flipped_part_007.mp4,431,0,1,0.1194344452677372,0.9993670145670572,0.6207706027560764,0,0.0,0.0,59.96002664890073
flipped_part_007.mp4,432,0,1,0.1077268463018764,0.9992935180664062,0.6380997834382234,0,0.0,0.0,59.96002664890073
flipped_part_007.mp4,433,0,1,0.1014604463461638,0.9995338439941406,0.6520927711769386,0,0.0,0.0,59.96002664890073
flipped_part_007.mp4,434,0,1,0.0969070345302397,0.999476432800293,0.6660057350441262,0,0.0,0.0,59.96002664890073
flipped_part_007.mp4,435,0,1,0.0887755695518636,0.9982393264770508,0.6915783352322049,0,0.0,0.0,59.96002664890073
flipped_part_007.mp4,436,0,1,0.0853208425349482,0.999079132080078,0.7037572224934896,0,0.0,0.0,59.96002664890073
flipped_part_007.mp4,437,0,1,0.0789252416212197,0.9991521835327148,0.7269764087818287,0,0.0,0.0,59.96002664890073
flipped_part_007.mp4,438,0,1,0.0721547811335228,0.9990198135375976,0.7456766764322916,0,0.0,0.0,59.96002664890073
flipped_part_007.mp4,439,0,1,0.0642419722078247,0.9990968704223632,0.7639126812970197,0,0.0,0.0,59.96002664890073
flipped_part_007.mp4,440,0,1,0.0540780603614014,0.9990402221679688,0.7883378770616319,0,0.0,0.0,59.96002664890073
flipped_part_007.mp4,441,0,1,0.0386724736760219,0.9992589950561525,0.8137105871129919,0,0.0,0.0,59.96002664890073
flipped_part_007.mp4,442,0,1,0.031560565943364,0.9993879318237304,0.8404856363932292,0,0.0,0.0,59.96002664890073
flipped_part_007.mp4,443,0,0,0.0,0.0,0.0,0,0.0,0.0,59.96002664890073
flipped_part_007.mp4,444,0,0,0.0,0.0,0.0,0,0.0,0.0,59.96002664890073
flipped_part_007.mp4,445,0,0,0.0,0.0,0.0,0,0.0,0.0,59.96002664890073
flipped_part_007.mp4,446,0,0,0.0,0.0,0.0,0,0.0,0.0,59.96002664890073
flipped_part_007.mp4,447,0,0,0.0,0.0,0.0,0,0.0,0.0,59.96002664890073
flipped_part_007.mp4,448,0,0,0.0,0.0,0.0,0,0.0,0.0,59.96002664890073
flipped_part_007.mp4,449,0,0,0.0,0.0,0.0,0,0.0,0.0,59.96002664890073
flipped_part_007.mp4,450,0,0,0.0,0.0,0.0,0,0.0,0.0,59.96002664890073
flipped_part_007.mp4,451,0,0,0.0,0.0,0.0,0,0.0,0.0,59.96002664890073
flipped_part_007.mp4,452,0,0,0.0,0.0,0.0,0,0.0,0.0,59.96002664890073
flipped_part_007.mp4,453,0,0,0.0,0.0,0.0,0,0.0,0.0,59.96002664890073
flipped_part_007.mp4,454,0,0,0.0,0.0,0.0,0,0.0,0.0,59.96002664890073
flipped_part_007.mp4,455,0,0,0.0,0.0,0.0,0,0.0,0.0,59.96002664890073
flipped_part_007.mp4,456,0,0,0.0,0.0,0.0,0,0.0,0.0,59.96002664890073
flipped_part_007.mp4,457,0,0,0.0,0.0,0.0,0,0.0,0.0,59.96002664890073
flipped_part_007.mp4,458,0,1,0.0105691422541793,0.8188425064086914,0.92872806125217,0,0.0,0.0,59.96002664890073
flipped_part_007.mp4,459,0,0,0.0,0.0,0.0,0,0.0,0.0,59.96002664890073
flipped_part_007.mp4,460,0,0,0.0,0.0,0.0,0,0.0,0.0,59.96002664890073
flipped_part_007.mp4,461,0,0,0.0,0.0,0.0,0,0.0,0.0,59.96002664890073
flipped_part_007.mp4,462,0,0,0.0,0.0,0.0,0,0.0,0.0,59.96002664890073
flipped_part_007.mp4,463,0,0,0.0,0.0,0.0,0,0.0,0.0,59.96002664890073
flipped_part_007.mp4,464,0,0,0.0,0.0,0.0,0,0.0,0.0,59.96002664890073
flipped_part_007.mp4,465,0,0,0.0,0.0,0.0,0,0.0,0.0,59.96002664890073
flipped_part_007.mp4,466,0,0,0.0,0.0,0.0,0,0.0,0.0,59.96002664890073
flipped_part_007.mp4,467,0,0,0.0,0.0,0.0,0,0.0,0.0,59.96002664890073
flipped_part_007.mp4,468,0,0,0.0,0.0,0.0,0,0.0,0.0,59.96002664890073
flipped_part_007.mp4,469,0,0,0.0,0.0,0.0,0,0.0,0.0,59.96002664890073
flipped_part_007.mp4,470,0,0,0.0,0.0,0.0,0,0.0,0.0,59.96002664890073
flipped_part_007.mp4,471,0,0,0.0,0.0,0.0,0,0.0,0.0,59.96002664890073
flipped_part_007.mp4,472,0,0,0.0,0.0,0.0,0,0.0,0.0,59.96002664890073
flipped_part_007.mp4,473,0,0,0.0,0.0,0.0,0,0.0,0.0,59.96002664890073
flipped_part_007.mp4,474,0,0,0.0,0.0,0.0,0,0.0,0.0,59.96002664890073
flipped_part_007.mp4,475,0,0,0.0,0.0,0.0,0,0.0,0.0,59.96002664890073
flipped_part_007.mp4,476,0,0,0.0,0.0,0.0,0,0.0,0.0,59.96002664890073
flipped_part_007.mp4,477,0,0,0.0,0.0,0.0,0,0.0,0.0,59.96002664890073
flipped_part_007.mp4,478,0,0,0.0,0.0,0.0,0,0.0,0.0,59.96002664890073
flipped_part_007.mp4,479,0,0,0.0,0.0,0.0,0,0.0,0.0,59.96002664890073
flipped_part_007.mp4,480,0,0,0.0,0.0,0.0,0,0.0,0.0,59.96002664890073
flipped_part_007.mp4,481,0,0,0.0,0.0,0.0,0,0.0,0.0,59.96002664890073
flipped_part_007.mp4,482,0,0,0.0,0.0,0.0,0,0.0,0.0,59.96002664890073
flipped_part_007.mp4,483,0,0,0.0,0.0,0.0,0,0.0,0.0,59.96002664890073
flipped_part_007.mp4,484,0,0,0.0,0.0,0.0,0,0.0,0.0,59.96002664890073
flipped_part_007.mp4,485,0,0,0.0,0.0,0.0,0,0.0,0.0,59.96002664890073
flipped_part_007.mp4,486,0,0,0.0,0.0,0.0,0,0.0,0.0,59.96002664890073
flipped_part_007.mp4,487,0,0,0.0,0.0,0.0,0,0.0,0.0,59.96002664890073
flipped_part_007.mp4,488,0,0,0.0,0.0,0.0,0,0.0,0.0,59.96002664890073
flipped_part_007.mp4,489,0,0,0.0,0.0,0.0,0,0.0,0.0,59.96002664890073
flipped_part_007.mp4,490,0,0,0.0,0.0,0.0,0,0.0,0.0,59.96002664890073
flipped_part_007.mp4,491,0,0,0.0,0.0,0.0,0,0.0,0.0,59.96002664890073
flipped_part_007.mp4,492,0,0,0.0,0.0,0.0,0,0.0,0.0,59.96002664890073
flipped_part_007.mp4,493,0,0,0.0,0.0,0.0,0,0.0,0.0,59.96002664890073
flipped_part_007.mp4,494,0,0,0.0,0.0,0.0,0,0.0,0.0,59.96002664890073
flipped_part_007.mp4,495,0,0,0.0,0.0,0.0,0,0.0,0.0,59.96002664890073
flipped_part_007.mp4,496,0,0,0.0,0.0,0.0,0,0.0,0.0,59.96002664890073
flipped_part_007.mp4,497,0,0,0.0,0.0,0.0,0,0.0,0.0,59.96002664890073
flipped_part_007.mp4,498,0,0,0.0,0.0,0.0,0,0.0,0.0,59.96002664890073
flipped_part_007.mp4,499,0,0,0.0,0.0,0.0,0,0.0,0.0,59.96002664890073
flipped_part_007.mp4,500,0,0,0.0,0.0,0.0,0,0.0,0.0,59.96002664890073
flipped_part_007.mp4,501,0,0,0.0,0.0,0.0,0,0.0,0.0,59.96002664890073
flipped_part_007.mp4,502,0,0,0.0,0.0,0.0,0,0.0,0.0,59.96002664890073
flipped_part_007.mp4,503,0,0,0.0,0.0,0.0,0,0.0,0.0,59.96002664890073
flipped_part_007.mp4,504,0,0,0.0,0.0,0.0,0,0.0,0.0,59.96002664890073
flipped_part_007.mp4,505,0,0,0.0,0.0,0.0,0,0.0,0.0,59.96002664890073
flipped_part_007.mp4,506,0,0,0.0,0.0,0.0,0,0.0,0.0,59.96002664890073
flipped_part_007.mp4,507,0,0,0.0,0.0,0.0,0,0.0,0.0,59.96002664890073
flipped_part_007.mp4,508,0,0,0.0,0.0,0.0,0,0.0,0.0,59.96002664890073
flipped_part_007.mp4,509,0,0,0.0,0.0,0.0,0,0.0,0.0,59.96002664890073
flipped_part_007.mp4,510,0,1,0.0013998688069706,0.7652364730834961,0.9465988724320024,0,0.0,0.0,59.96002664890073
flipped_part_007.mp4,511,0,1,0.0015751904466499,0.7639135996500651,0.9380567762586806,0,0.0,0.0,59.96002664890073
flipped_part_007.mp4,512,0,1,0.0018984194292096,0.764605712890625,0.9248398957429108,0,0.0,0.0,59.96002664890073
flipped_part_007.mp4,513,0,0,0.0,0.0,0.0,0,0.0,0.0,59.96002664890073
flipped_part_007.mp4,514,0,1,0.0016079382463875,0.7615205764770507,0.8833570692274305,0,0.0,0.0,59.96002664890073
flipped_part_007.mp4,515,0,0,0.0,0.0,0.0,0,0.0,0.0,59.96002664890073
flipped_part_007.mp4,516,0,1,0.0012929981170196,0.7589796702067058,0.8379149825484664,0,0.0,0.0,59.96002664890073
flipped_part_007.mp4,517,0,2,0.0012307166337268,0.7577990214029948,0.8252322161639178,0,0.0,0.0,59.96002664890073
flipped_part_007.mp4,518,0,1,0.0011522638747313,0.7575979868570963,0.8036773681640625,0,0.0,0.0,59.96002664890073
flipped_part_007.mp4,519,0,0,0.0,0.0,0.0,0,0.0,0.0,59.96002664890073
flipped_part_007.mp4,520,0,1,0.0009605793046971,0.7576744079589843,0.9400733100043402,0,0.0,0.0,59.96002664890073
flipped_part_007.mp4,521,0,2,0.0014245620463043,0.7562501907348633,0.7474277072482639,0,0.0,0.0,59.96002664890073
flipped_part_007.mp4,522,0,4,0.0019228411161909,0.7541229248046875,0.7509407326027199,0,0.0,0.0,59.96002664890073
flipped_part_007.mp4,523,0,3,0.0013906879541334,0.7534866333007812,0.7278371175130208,0,0.0,0.0,59.96002664890073
flipped_part_007.mp4,524,0,3,0.0012407379996471,0.7531332015991211,0.6967851426866319,0,0.0,0.0,59.96002664890073
flipped_part_007.mp4,525,0,3,0.0012742787298177,0.7526556015014648,0.6861260308159722,0,0.0,0.0,59.96002664890073
flipped_part_007.mp4,526,0,5,0.0013702834775257,0.7670209884643555,0.9585808648003472,0,0.0,0.0,59.96002664890073
flipped_part_007.mp4,527,0,5,0.0012143079308723,0.7675775527954102,0.9553837528935184,0,0.0,0.0,59.96002664890073
flipped_part_007.mp4,528,0,5,0.0015975433120426,0.7669132232666016,0.9441599527994792,0,0.0,0.0,59.96002664890073
flipped_part_007.mp4,529,0,3,0.0017523145252036,0.7668237686157227,0.9366951836480036,0,0.0,0.0,59.96002664890073
flipped_part_007.mp4,530,0,4,0.0020921437114507,0.7663355509440104,0.9258127283166956,0,0.0,0.0,59.96002664890073
flipped_part_007.mp4,531,0,3,0.0022502091749898,0.7649049123128255,0.9138605188440394,1,0.0010338061176783,0.7459957758585612,59.96002664890073
flipped_part_007.mp4,532,0,4,0.0020918447664977,0.7625420888264974,0.8981962415907118,1,0.0010829445507368,0.7461409250895182,59.96002664890073
flipped_part_007.mp4,533,0,2,0.0019183217465049,0.7969390869140625,0.9675437644675926,0,0.0,0.0,59.96002664890073
flipped_part_007.mp4,534,0,2,0.0029199477642153,0.7956525802612304,0.9505330403645832,0,0.0,0.0,59.96002664890073
flipped_part_007.mp4,535,0,4,0.0032419036990132,0.7914417266845704,0.941465985333478,0,0.0,0.0,59.96002664890073
flipped_part_007.mp4,536,0,5,0.0039928758277609,0.7916918436686198,0.9309709337022568,1,0.0007181221124483,0.7420027414957683,59.96002664890073
flipped_part_007.mp4,537,0,5,0.0050900574925213,0.7926514307657878,0.9183195326063368,1,0.0009929799690359,0.7415861129760742,59.96002664890073
flipped_part_007.mp4,538,0,5,0.0055099431632293,0.7917914072672526,0.9073025173611112,0,0.0,0.0,59.96002664890073
flipped_part_007.mp4,539,0,3,0.0065031173279477,0.7915293375651041,0.8944820262767651,0,0.0,0.0,59.96002664890073
flipped_part_007.mp4,540,0,5,0.0070468297071703,0.7910383224487305,0.8841697975441262,2,0.000786599998828,0.7405245463053386,59.96002664890073
flipped_part_007.mp4,541,0,5,0.0079399707836435,0.7902175267537435,0.8755315144856771,2,0.0007372433361079,0.7392786661783854,59.96002664890073
flipped_part_007.mp4,542,0,5,0.0126988072313165,0.7866431554158528,0.8648304692021123,2,0.0007303539710227,0.7384007771809896,59.96002664890073
flipped_part_007.mp4,543,0,4,0.0068107303747739,0.7854881922403971,0.8306879679361979,2,0.0007745789180302,0.7380464553833008,59.96002664890073
flipped_part_007.mp4,544,0,8,0.006268333617449,0.7836839040120442,0.8055001152886285,4,0.0013122230184618,0.7365842819213867,59.96002664890073
flipped_part_007.mp4,545,0,4,0.0066587400669232,0.7836762110392252,0.7914643464265047,1,0.0006238380365539,0.7358385721842448,59.96002664890073
flipped_part_007.mp4,546,0,4,0.0069025198255204,0.7818767547607421,0.7790909943757234,1,0.0006386003640687,0.7352472305297851,59.96002664890073
flipped_part_007.mp4,547,0,6,0.0063149583939876,0.7816928863525391,0.7470835367838542,4,0.001298244015844,0.7454894383748373,59.96002664890073
flipped_part_007.mp4,548,0,4,0.005721715185705,0.7790985743204752,0.7253651936848958,2,0.0013033343312175,0.744656753540039,59.96002664890073
flipped_part_007.mp4,549,0,6,0.0055077947625735,0.7777899424235026,0.7073550754123263,4,0.0014413225456761,0.7442845026652019,59.96002664890073
flipped_part_007.mp4,550,0,5,0.0054882230371003,0.7770416895548503,0.6876232571072048,3,0.0011966082420312,0.7424140294392904,59.96002664890073
flipped_part_007.mp4,551,0,2,0.0050017769357913,0.7748730977376302,0.6689375135633681,1,0.0013342189433751,0.7429279327392578,59.96002664890073
flipped_part_007.mp4,552,0,2,0.0051918743968902,0.7738714218139648,0.6489188300238715,1,0.0015111986709396,0.7420334498087565,59.96002664890073
flipped_part_007.mp4,553,0,5,0.0049256946027485,0.7719261805216472,0.630113050672743,2,0.0013707618787884,0.7408969879150391,59.96002664890073
flipped_part_007.mp4,554,0,4,0.0049145894933974,0.7704757690429688,0.6101008097330729,1,0.0014503414923739,0.7393200556437175,59.96002664890073
flipped_part_007.mp4,555,0,5,0.004635183734332,0.7684519449869792,0.5927432590060764,3,0.004635183734332,0.7684519449869792,59.96002664890073
flipped_part_007.mp4,556,0,4,0.0043377120175541,0.7656511942545573,0.8702883685076678,3,0.0043169000990908,0.765977414449056,59.96002664890073
flipped_part_007.mp4,557,0,4,0.0039818060292034,0.7656296412150065,0.545268079969618,3,0.0039818060292034,0.7656296412150065,59.96002664890073
flipped_part_007.mp4,558,0,3,0.0037887556436881,0.7636574427286784,0.5313691880967882,2,0.0037887556436881,0.7636574427286784,59.96002664890073
flipped_part_007.mp4,559,0,5,0.0038668736578741,0.7611591974894206,0.5137888590494791,2,0.0038668736578741,0.7611591974894206,59.96002664890073
flipped_part_007.mp4,560,0,6,0.0033714504776677,0.7604324976603191,0.4977023654513889,4,0.0033714504776677,0.7604324976603191,59.96002664890073
flipped_part_007.mp4,561,0,4,0.0039950699804143,0.7594107309977214,0.481061299641927,2,0.0039950699804143,0.7594107309977214,59.96002664890073
flipped_part_007.mp4,562,0,3,0.0037376983349935,0.7577879587809245,0.4665042453342014,2,0.0037376983349935,0.7577879587809245,59.96002664890073
flipped_part_007.mp4,563,0,4,0.0051377809089091,0.7674385070800781,0.8561150444878473,2,0.0037968473618901,0.7575865427652995,59.96002664890073
flipped_part_007.mp4,564,0,2,0.0038909671052048,0.7559055328369141,0.4376400417751736,2,0.0038909671052048,0.7559055328369141,59.96002664890073
flipped_part_007.mp4,565,0,4,0.0035956528925022,0.7553651173909505,0.4201410929361979,3,0.0035956528925022,0.7553651173909505,59.96002664890073
flipped_part_007.mp4,566,0,5,0.0035792938015139,0.7542161305745443,0.4049999660915798,3,0.0035792938015139,0.7542161305745443,59.96002664890073
flipped_part_007.mp4,567,0,7,0.0036098556886793,0.7535581588745117,0.3888867978696469,4,0.0036098556886793,0.7535581588745117,59.96002664890073
flipped_part_007.mp4,568,0,5,0.0033380708796687,0.7526227951049804,0.3766621907552083,2,0.0033380708796687,0.7526227951049804,59.96002664890073
flipped_part_007.mp4,569,0,5,0.004147065872611,0.7848368326822917,0.9238732231987848,4,0.003382713114196,0.7508888244628906,59.96002664890073
flipped_part_007.mp4,570,0,6,0.0043712274833578,0.7839830398559571,0.9152381614402488,3,0.0031346065604076,0.7492682139078776,59.96002664890073
flipped_part_007.mp4,571,0,5,0.0054639927820477,0.7846834818522136,0.9026129263418692,3,0.0031186952756683,0.7476082483927409,59.96002664890073
flipped_part_007.mp4,572,0,5,0.0062253916085076,0.7863043467203776,0.8920450846354167,3,0.0028637865773634,0.7457693099975586,59.96002664890073
flipped_part_007.mp4,573,0,6,0.0066118922230735,0.7832836786905925,0.8836812337239583,4,0.003149955337479,0.7448143641153971,59.96002664890073
flipped_part_007.mp4,574,0,4,0.0072999046223035,0.7817811965942383,0.8720722904911747,3,0.0028889788007888,0.742779286702474,59.96002664890073
flipped_part_007.mp4,575,0,6,0.0081872521661635,0.7825297673543294,0.8616617838541667,3,0.0030670123176403,0.7419136047363282,59.96002664890073
flipped_part_007.mp4,576,0,4,0.008707505838247,0.7823340098063151,0.854664781358507,3,0.0030686672301574,0.7407491683959961,59.96002664890073
flipped_part_007.mp4,577,0,5,0.0096119220579728,0.7808483123779297,0.8403535630967882,4,0.0030585045915493,0.7393274307250977,59.96002664890073
flipped_part_007.mp4,578,0,3,0.0099520065574216,0.778659439086914,0.8328304714626736,2,0.0028323081036796,0.7373322168986003,59.96002664890073
flipped_part_007.mp4,579,0,4,0.0106759322645504,0.7779972712198894,0.8213534884982638,3,0.0026531113275753,0.7404870986938477,59.96002664890073
flipped_part_007.mp4,580,0,5,0.0111475407036257,0.7750174204508463,0.8107217294198495,4,0.0025952710209983,0.7418550491333008,59.96002664890073
flipped_part_007.mp4,581,0,6,0.0125945204312706,0.777899169921875,0.7994286431206598,5,0.0026102665543015,0.7329730987548828,59.96002664890073
flipped_part_007.mp4,582,0,6,0.0122882435155492,0.7749847412109375,0.7915477611400463,5,0.0027351978601439,0.7383752822875976,59.96002664890073
flipped_part_007.mp4,583,0,3,0.0130387891498918,0.7732032775878906,0.7744604605215567,2,0.0027527625957089,0.7316658020019531,59.96002664890073
flipped_part_007.mp4,584,0,6,0.0126108296893653,0.7735198338826498,0.7399087976526331,5,0.0025777823865064,0.7360207239786783,59.96002664890073
flipped_part_007.mp4,585,0,4,0.012257673530904,0.7721960067749023,0.718234705041956,3,0.0024981612915763,0.7352386474609375,59.96002664890073
flipped_part_007.mp4,586,0,6,0.0114675086267568,0.7688014348347981,0.6941782633463541,5,0.0025869009501723,0.7342167536417643,59.96002664890073
flipped_part_007.mp4,587,0,9,0.0114870874314672,0.766604995727539,0.6677527533637153,8,0.0024183442220264,0.7320407867431641,59.96002664890073
flipped_part_007.mp4,588,0,6,0.0113028237311583,0.765900993347168,0.6379448784722223,5,0.0023113499891392,0.7296443303426107,59.96002664890073
flipped_part_007.mp4,589,0,6,0.0107341730903782,0.7652462641398112,0.6181131998697916,5,0.0025175574043748,0.7298044204711914,59.96002664890073
flipped_part_007.mp4,590,0,7,0.009948380841977,0.7614177703857422,0.6017506917317709,6,0.0023728449819221,0.7297539393107096,59.96002664890073
flipped_part_007.mp4,591,0,7,0.0100746428070124,0.7600311279296875,0.5748399522569444,7,0.0100746428070124,0.7600311279296875,59.96002664890073
flipped_part_007.mp4,592,0,7,0.009305203357858,0.7592862447102865,0.5475307888454861,7,0.009305203357858,0.7592862447102865,59.96002664890073
flipped_part_007.mp4,593,0,5,0.0096452021159024,0.7596907297770182,0.5285247802734375,5,0.0096452021159024,0.7596907297770182,59.96002664890073
flipped_part_007.mp4,594,0,6,0.0091783898210592,0.7571093241373698,0.5136765656647859,6,0.0091783898210592,0.7571093241373698,59.96002664890073
flipped_part_007.mp4,595,0,6,0.0088353129351162,0.7555501937866211,0.4910521895797164,6,0.0088353129351162,0.7555501937866211,59.96002664890073
flipped_part_007.mp4,596,0,7,0.0084582858534607,0.7550677617390951,0.473197767469618,7,0.0084582858534607,0.7550677617390951,59.96002664890073
flipped_part_007.mp4,597,0,5,0.0089253871119581,0.7543699264526367,0.4486307779947917,5,0.0089253871119581,0.7543699264526367,59.96002664890073
flipped_part_007.mp4,598,0,5,0.0084738659592673,0.7530149459838867,0.4361214531792535,5,0.0084738659592673,0.7530149459838867,59.96002664890073
flipped_part_007.mp4,599,0,7,0.0085667956025443,0.7528933207194011,0.421665785047743,7,0.0085667956025443,0.7528933207194011,59.96002664890073
flipped_part_007.mp4,600,0,6,0.007906278408417,0.7493752161661784,0.3946259675202546,6,0.007906278408417,0.7493752161661784,59.96002664890073
flipped_part_007.mp4,601,0,4,0.0080443572066724,0.7487251917521159,0.3794759114583333,4,0.0080443572066724,0.7487251917521159,59.96002664890073
flipped_part_007.mp4,602,0,4,0.0073485429931638,0.7460697174072266,0.3648912217881944,4,0.0073485429931638,0.7460697174072266,59.96002664890073
flipped_part_007.mp4,603,0,5,0.0071804555014413,0.7442844390869141,0.3449252658420139,5,0.0071804555014413,0.7442844390869141,59.96002664890073
flipped_part_007.mp4,604,0,4,0.0069388705683458,0.74257017771403,0.3316438462999131,4,0.0069388705683458,0.74257017771403,59.96002664890073
flipped_part_007.mp4,605,0,4,0.0066350444962154,0.7406912485758463,0.3108406914605034,4,0.0066350444962154,0.7406912485758463,59.96002664890073
flipped_part_007.mp4,606,0,5,0.0067160213736955,0.741969108581543,0.2923575507269965,5,0.0067160213736955,0.741969108581543,59.96002664890073
flipped_part_007.mp4,607,0,5,0.0063395804234056,0.7397769927978516,0.2766046594690393,5,0.0063395804234056,0.7397769927978516,59.96002664890073
flipped_part_007.mp4,608,0,5,0.0065419454749078,0.7398061752319336,0.2578754566333912,5,0.0065419454749078,0.7398061752319336,59.96002664890073
flipped_part_007.mp4,609,0,5,0.0062736057302983,0.7389114379882813,0.2393180564597801,5,0.0062736057302983,0.7389114379882813,59.96002664890073
flipped_part_007.mp4,610,0,6,0.006264989945145,0.7376478830973308,0.2142154269748264,6,0.006264989945145,0.7376478830973308,59.96002664890073
flipped_part_007.mp4,611,0,6,0.0062636651155318,0.738397216796875,0.194054780183015,6,0.0062636651155318,0.738397216796875,59.96002664890073
flipped_part_007.mp4,612,0,5,0.0057971594412811,0.7376888275146485,0.1725328233506944,5,0.0057971594412811,0.7376888275146485,59.96002664890073
flipped_part_007.mp4,613,0,6,0.0056896912725211,0.7361091613769531,0.1485037344473379,6,0.0056896912725211,0.7361091613769531,59.96002664890073
